trade_id,ticker,created_time,yes_price,no_price,count_fp,taker_outcome_side,taker_book_side,is_block_trade
dbcd4337-1983-4bf8-9312-7d26ea70cb2e,KXHIGHLAX-25JUL02-B68.5,2025-07-02T23:07:44.177824Z,0.0100,0.9900,9.00,yes,bid,False
dc85c305-3419-4f78-944c-19833d200daf,KXHIGHLAX-25JUL02-B68.5,2025-07-02T23:07:30.061499Z,0.0100,0.9900,139.00,yes,bid,False
397a86e3-0553-4f28-afee-9b7d2e43b158,KXHIGHLAX-25JUL02-B68.5,2025-07-02T23:07:16.165034Z,0.0100,0.9900,238.00,yes,bid,False
4a372431-990c-4cf2-9ac4-038a7976dc51,KXHIGHLAX-25JUL02-B68.5,2025-07-02T23:00:29.789519Z,0.0100,0.9900,280.00,yes,bid,False
914939ee-a4a7-4106-b071-fbcaeab7ed87,KXHIGHLAX-25JUL02-B68.5,2025-07-02T22:17:54.866506Z,0.0100,0.9900,126.00,yes,bid,False
516b0c61-df83-4611-8fa8-cfc046d267ed,KXHIGHLAX-25JUL02-B68.5,2025-07-02T22:11:56.54076Z,0.0100,0.9900,108.00,yes,bid,False
6c8c2615-436b-4b9a-bf14-9b798c1494e4,KXHIGHLAX-25JUL02-B68.5,2025-07-02T22:11:17.159521Z,0.0100,0.9900,152.00,yes,bid,False
8e0e69c5-c0cc-4fd6-a7d9-5282e3ca2bcb,KXHIGHLAX-25JUL02-B68.5,2025-07-02T22:08:02.925858Z,0.1400,0.8600,6.00,no,ask,False
56659d34-c6a1-4151-abc3-a6870f5ac388,KXHIGHLAX-25JUL02-B68.5,2025-07-02T22:08:02.925858Z,0.0200,0.9800,40.00,no,ask,False
1cee59c9-3da8-4499-8215-e1d8c18c52f1,KXHIGHLAX-25JUL02-B68.5,2025-07-02T22:08:02.925858Z,0.1500,0.8500,7.00,no,ask,False
95e67f88-9654-431f-b199-f1b3e00e5226,KXHIGHLAX-25JUL02-B68.5,2025-07-02T22:05:21.253057Z,0.3900,0.6100,9.00,yes,bid,False
2e79ed01-f1bf-4418-9bcd-152bd8f994aa,KXHIGHLAX-25JUL02-B68.5,2025-07-02T22:04:31.913629Z,0.1500,0.8500,10.00,no,ask,False
6301f8aa-17a7-4744-aead-aad9e64f34bc,KXHIGHLAX-25JUL02-B68.5,2025-07-02T22:03:38.119633Z,0.1500,0.8500,17.00,no,ask,False
1a2e8be7-672d-482e-a08d-96bfa6617da4,KXHIGHLAX-25JUL02-B68.5,2025-07-02T22:03:38.119633Z,0.1400,0.8600,83.00,no,ask,False
2b328e3e-03b8-456d-bc14-9902638e5a57,KXHIGHLAX-25JUL02-B68.5,2025-07-02T21:59:12.374079Z,0.4400,0.5600,1.00,yes,bid,False
b0d3e573-920e-4bb1-bacf-f3a0a88c25aa,KXHIGHLAX-25JUL02-B68.5,2025-07-02T21:51:10.872573Z,0.1700,0.8300,1.00,no,ask,False
e8549f1d-b999-465d-b946-82ef07f092d2,KXHIGHLAX-25JUL02-B68.5,2025-07-02T21:49:40.613928Z,0.2300,0.7700,15.00,no,ask,False
a20e9fdc-0e52-448d-b1b9-2540aa4659ec,KXHIGHLAX-25JUL02-B68.5,2025-07-02T21:49:40.613928Z,0.2200,0.7800,90.00,no,ask,False
90c12686-41a7-4377-974a-bc439165e381,KXHIGHLAX-25JUL02-B68.5,2025-07-02T21:49:40.613928Z,0.2100,0.7900,21.00,no,ask,False
aaf62204-6a48-49d6-a547-45c685c5d12d,KXHIGHLAX-25JUL02-B68.5,2025-07-02T21:44:01.265716Z,0.4500,0.5500,7.00,yes,bid,False
2fe47d6d-df3e-406d-95da-03f870ec44c4,KXHIGHLAX-25JUL02-B68.5,2025-07-02T21:44:01.265716Z,0.4400,0.5600,14.00,yes,bid,False
acbcd0c0-3873-44fc-aa54-45776b5fd973,KXHIGHLAX-25JUL02-B68.5,2025-07-02T21:40:39.328263Z,0.2700,0.7300,2.00,no,ask,False
6e3a0721-f8b3-4d39-99c5-afab25f35e2f,KXHIGHLAX-25JUL02-B68.5,2025-07-02T21:40:39.328263Z,0.2300,0.7700,23.00,no,ask,False
d3a452a6-b576-4cfe-a522-e3f611dd8f7c,KXHIGHLAX-25JUL02-B68.5,2025-07-02T21:34:08.832916Z,0.2700,0.7300,12.00,no,ask,False
91ac5c3c-2317-484b-aa12-dae9e2b3174a,KXHIGHLAX-25JUL02-B68.5,2025-07-02T21:34:08.832916Z,0.2800,0.7200,14.00,no,ask,False
747ce843-d62a-4045-bfbf-e8fc77b864c5,KXHIGHLAX-25JUL02-B68.5,2025-07-02T21:30:13.109405Z,0.4200,0.5800,3.00,yes,bid,False
d353762c-72d8-4347-8813-c4733d617853,KXHIGHLAX-25JUL02-B68.5,2025-07-02T21:29:19.689715Z,0.4200,0.5800,4.00,yes,bid,False
ccac747d-5e84-4d11-8c5a-975857d1affc,KXHIGHLAX-25JUL02-B68.5,2025-07-02T21:27:07.152421Z,0.4200,0.5800,1.00,yes,bid,False
0215ceb5-9e65-493d-868e-b389ea75e4a7,KXHIGHLAX-25JUL02-B68.5,2025-07-02T21:26:27.928533Z,0.4200,0.5800,2.00,yes,bid,False
33d18d49-efa1-4d4f-83da-60e7807ec417,KXHIGHLAX-25JUL02-B68.5,2025-07-02T21:22:25.176573Z,0.3100,0.6900,28.00,yes,bid,False
be03fde7-e6ad-49f6-9334-89ea75c90b4d,KXHIGHLAX-25JUL02-B68.5,2025-07-02T21:21:06.584645Z,0.2800,0.7200,6.00,yes,bid,False
1fe606d6-e1ba-4ae4-aaf0-1f5e8a9c1b36,KXHIGHLAX-25JUL02-B68.5,2025-07-02T21:20:35.064316Z,0.2800,0.7200,13.00,no,ask,False
f225751f-753e-4cf8-8d05-4b59ce9eaab4,KXHIGHLAX-25JUL02-B68.5,2025-07-02T21:20:26.757138Z,0.4800,0.5200,5.00,yes,bid,False
ea69e534-bc23-44ef-9bbe-72e0ec3dc044,KXHIGHLAX-25JUL02-B68.5,2025-07-02T21:20:26.757138Z,0.4000,0.6000,10.00,yes,bid,False
26334d23-2076-48ef-b4de-e82cbdf58a20,KXHIGHLAX-25JUL02-B68.5,2025-07-02T21:19:55.64826Z,0.3900,0.6100,15.00,yes,bid,False
33a53144-ee13-4812-97a2-4a3bb0e7f5e9,KXHIGHLAX-25JUL02-B68.5,2025-07-02T21:17:26.307606Z,0.2800,0.7200,2.00,no,ask,False
521493e4-95a2-435e-a220-fd176af86341,KXHIGHLAX-25JUL02-B68.5,2025-07-02T21:16:12.061871Z,0.2700,0.7300,3.00,no,ask,False
f1d72a5f-b72b-4573-a0a6-23f8f23bdecb,KXHIGHLAX-25JUL02-B68.5,2025-07-02T21:16:10.014827Z,0.2700,0.7300,1.00,no,ask,False
e410bc03-6774-4182-9275-02340f6a2ddb,KXHIGHLAX-25JUL02-B68.5,2025-07-02T21:16:10.014827Z,0.2700,0.7300,13.00,no,ask,False
69139a08-11ce-4b11-ab7f-822aeb531447,KXHIGHLAX-25JUL02-B68.5,2025-07-02T21:16:10.014827Z,0.2600,0.7400,2.00,no,ask,False
d30be2a2-926f-4ef1-8b6f-f87766aa6e20,KXHIGHLAX-25JUL02-B68.5,2025-07-02T21:15:54.643316Z,0.2800,0.7200,10.00,yes,bid,False
aebf80c1-3c01-4d21-bdd9-0961cd6d842e,KXHIGHLAX-25JUL02-B68.5,2025-07-02T21:15:54.643316Z,0.3800,0.6200,15.00,yes,bid,False
2573937f-05c9-4b68-9fd7-0273e71aaa70,KXHIGHLAX-25JUL02-B68.5,2025-07-02T21:15:54.643316Z,0.4800,0.5200,4.00,yes,bid,False
1a003cd9-1ada-48eb-b51b-2bf754bcd5a3,KXHIGHLAX-25JUL02-B68.5,2025-07-02T21:15:54.643316Z,0.3800,0.6200,10.00,yes,bid,False
010b014e-0e04-4b6a-a6d1-416fed0661d6,KXHIGHLAX-25JUL02-B68.5,2025-07-02T21:04:00.819274Z,0.1700,0.8300,20.00,no,ask,False
3d85b56a-9cfe-4dc8-9a4d-117e56f4bdb0,KXHIGHLAX-25JUL02-B68.5,2025-07-02T21:03:00.763777Z,0.1800,0.8200,2.00,yes,bid,False
9e9cd468-d642-4b6f-8ca8-929700266c9f,KXHIGHLAX-25JUL02-B68.5,2025-07-02T21:02:59.192642Z,0.1800,0.8200,4.00,yes,bid,False
8c96440b-71ea-4130-abaf-5ef231d809ee,KXHIGHLAX-25JUL02-B68.5,2025-07-02T21:02:57.935046Z,0.1800,0.8200,4.00,yes,bid,False
726eb020-7d7c-4277-a5be-6edce01178a8,KXHIGHLAX-25JUL02-B68.5,2025-07-02T21:02:15.465202Z,0.3800,0.6200,49.00,yes,bid,False
ea58498c-bf25-4f7e-95ab-ff3457f72d5d,KXHIGHLAX-25JUL02-B68.5,2025-07-02T20:58:20.370315Z,0.4900,0.5100,31.00,yes,bid,False
4402841a-cc93-4fa6-b03b-4dacad977fef,KXHIGHLAX-25JUL02-B68.5,2025-07-02T20:58:20.370315Z,0.5000,0.5000,58.00,yes,bid,False
1e341f08-971f-42a2-96b8-c50e8988fdcc,KXHIGHLAX-25JUL02-B68.5,2025-07-02T20:58:20.370315Z,0.4900,0.5100,17.00,yes,bid,False
f12db560-1988-4c21-87c2-e85f28ef9e7f,KXHIGHLAX-25JUL02-B68.5,2025-07-02T20:56:26.663993Z,0.5000,0.5000,21.00,yes,bid,False
9a75c3b0-6ccb-47e0-9117-2db141d5caa1,KXHIGHLAX-25JUL02-B68.5,2025-07-02T20:56:26.663993Z,0.5100,0.4900,14.00,yes,bid,False
15d82a28-2eb1-4c70-968a-88c9f66f2bb2,KXHIGHLAX-25JUL02-B68.5,2025-07-02T20:56:26.663993Z,0.6000,0.4000,62.00,yes,bid,False
cfe77fa5-833e-450e-aa84-e508fa1f025d,KXHIGHLAX-25JUL02-B68.5,2025-07-02T20:56:07.841929Z,0.1900,0.8100,15.00,yes,bid,False
a2744a7a-4c2a-46c4-b316-886836f94f94,KXHIGHLAX-25JUL02-B68.5,2025-07-02T20:56:07.841929Z,0.1800,0.8200,5.00,yes,bid,False
1f5a2668-3767-452d-9936-19ce9ee6d33f,KXHIGHLAX-25JUL02-B68.5,2025-07-02T20:56:07.841929Z,0.1700,0.8300,9.00,yes,bid,False
ad2f0432-bc32-4718-ae0f-ba80061bc5d9,KXHIGHLAX-25JUL02-B68.5,2025-07-02T20:55:07.10035Z,0.1800,0.8200,10.00,yes,bid,False
b2c0ef43-d007-4031-a10c-e8a874e8b138,KXHIGHLAX-25JUL02-B68.5,2025-07-02T20:48:22.183264Z,0.0400,0.9600,1.00,no,ask,False
e888fd47-0052-463c-86a4-ff44852905de,KXHIGHLAX-25JUL02-B68.5,2025-07-02T20:45:17.065836Z,0.0400,0.9600,183.00,no,ask,False
7f5a3c65-9e82-4af7-a24d-60a6dfa53a73,KXHIGHLAX-25JUL02-B68.5,2025-07-02T20:45:17.065836Z,0.0500,0.9500,69.00,no,ask,False
b28e2402-a474-4629-98fb-c377210a8b47,KXHIGHLAX-25JUL02-B68.5,2025-07-02T20:44:00.343482Z,0.1000,0.9000,62.00,no,ask,False
a57a7635-743b-4800-8203-c26653d96e5e,KXHIGHLAX-25JUL02-B68.5,2025-07-02T20:44:00.343482Z,0.1300,0.8700,15.00,no,ask,False
6146a90a-e68c-4bd6-bf41-380d03937d21,KXHIGHLAX-25JUL02-B68.5,2025-07-02T20:44:00.343482Z,0.1200,0.8800,16.00,no,ask,False
5a7be4fd-030f-43af-9fb0-411d60f4d33f,KXHIGHLAX-25JUL02-B68.5,2025-07-02T20:44:00.343482Z,0.0500,0.9500,15.00,no,ask,False
6ad1a225-6203-44ef-b3a7-8538bb456b17,KXHIGHLAX-25JUL02-B68.5,2025-07-02T20:43:18.203715Z,0.1100,0.8900,10.00,no,ask,False
bea92554-1e3c-4973-a929-7caefee6a131,KXHIGHLAX-25JUL02-B68.5,2025-07-02T20:41:59.52857Z,0.1200,0.8800,15.00,no,ask,False
9303b00c-5603-44c5-9950-a3ef6ae0435f,KXHIGHLAX-25JUL02-B68.5,2025-07-02T20:41:59.52857Z,0.1100,0.8900,17.00,no,ask,False
4140f82f-3518-413e-bf52-ea927106096b,KXHIGHLAX-25JUL02-B68.5,2025-07-02T20:41:59.52857Z,0.1000,0.9000,38.00,no,ask,False
f5d35775-2dee-4daa-86b9-3a80f281e010,KXHIGHLAX-25JUL02-B68.5,2025-07-02T20:41:39.360119Z,0.1100,0.8900,14.00,no,ask,False
cd8a24c6-7f0a-4044-90b7-7bb3cd1702b9,KXHIGHLAX-25JUL02-B68.5,2025-07-02T20:40:50.741477Z,0.1500,0.8500,10.00,yes,bid,False
e03559ab-f4d4-47b9-8002-badaea696d7a,KXHIGHLAX-25JUL02-B68.5,2025-07-02T20:40:04.082543Z,0.0500,0.9500,4.00,no,ask,False
45329ffc-bed0-4282-9c12-014dc1e74035,KXHIGHLAX-25JUL02-B68.5,2025-07-02T20:40:04.082543Z,0.0500,0.9500,18.00,no,ask,False
da7190e1-8ff7-4d7d-803c-227c5fafaa60,KXHIGHLAX-25JUL02-B68.5,2025-07-02T20:39:43.654842Z,0.0400,0.9600,15.00,no,ask,False
45177654-7eee-4579-bb21-617111aa59db,KXHIGHLAX-25JUL02-B68.5,2025-07-02T20:39:43.654842Z,0.0700,0.9300,17.00,no,ask,False
270b9076-6bb1-4b74-a04e-bbc69154aa34,KXHIGHLAX-25JUL02-B68.5,2025-07-02T20:39:43.654842Z,0.0500,0.9500,99.00,no,ask,False
1ee6e5cf-bfc9-47ff-9496-f58b74c9d355,KXHIGHLAX-25JUL02-B68.5,2025-07-02T20:39:43.654842Z,0.0800,0.9200,21.00,no,ask,False
eb159993-85e1-41fd-a1b4-c7e04c0d1264,KXHIGHLAX-25JUL02-B68.5,2025-07-02T20:21:10.523699Z,0.2600,0.7400,15.00,yes,bid,False
ea76bfc1-29c9-4d32-b17b-509382a32cce,KXHIGHLAX-25JUL02-B68.5,2025-07-02T20:21:10.523699Z,0.3500,0.6500,99.00,yes,bid,False
db4dce50-f0de-456b-97fa-1dff71553f4e,KXHIGHLAX-25JUL02-B68.5,2025-07-02T20:21:10.523699Z,0.5300,0.4700,25.00,yes,bid,False
b1f8792b-47ee-4c77-9158-cd1aa2f4073d,KXHIGHLAX-25JUL02-B68.5,2025-07-02T20:21:10.523699Z,0.5200,0.4800,40.00,yes,bid,False
9688a6b1-190e-4641-b780-83c8e1b0c2f2,KXHIGHLAX-25JUL02-B68.5,2025-07-02T20:21:10.523699Z,0.5200,0.4800,4.00,yes,bid,False
938811cd-bdc1-46ad-a533-14fc1e5eb0d5,KXHIGHLAX-25JUL02-B68.5,2025-07-02T20:21:10.523699Z,0.2700,0.7300,16.00,yes,bid,False
4662cc8b-61a5-499e-a350-39e702e7b0d6,KXHIGHLAX-25JUL02-B68.5,2025-07-02T20:21:10.523699Z,0.3500,0.6500,32.00,yes,bid,False
45816416-6f95-45cb-aef7-03b20c5607c0,KXHIGHLAX-25JUL02-B68.5,2025-07-02T20:21:10.523699Z,0.2500,0.7500,21.00,yes,bid,False
aa4bc07f-030a-4a4a-8f60-6b47655037fd,KXHIGHLAX-25JUL02-B68.5,2025-07-02T20:20:00.134711Z,0.1400,0.8600,17.00,yes,bid,False
4eae57a8-b287-4050-bb63-03926e1e26dd,KXHIGHLAX-25JUL02-B68.5,2025-07-02T20:20:00.134711Z,0.1500,0.8500,56.00,yes,bid,False
33d20a53-d166-4b2b-803b-9aa1f62de500,KXHIGHLAX-25JUL02-B68.5,2025-07-02T20:20:00.134711Z,0.2300,0.7700,35.00,yes,bid,False
fcbbd297-296c-46f6-84ea-366ebefc770c,KXHIGHLAX-25JUL02-B68.5,2025-07-02T20:19:36.018514Z,0.1800,0.8200,17.00,no,ask,False
c3875ad7-1ec5-4de0-98be-717eac0d0050,KXHIGHLAX-25JUL02-B68.5,2025-07-02T20:19:36.018514Z,0.1600,0.8400,61.00,no,ask,False
bafa9401-82d7-4c86-a9c0-1e3822e737a0,KXHIGHLAX-25JUL02-B68.5,2025-07-02T20:19:36.018514Z,0.1700,0.8300,17.00,no,ask,False
b00071d2-d800-4cdc-9d1f-a24917c980e9,KXHIGHLAX-25JUL02-B68.5,2025-07-02T20:19:36.018514Z,0.1500,0.8500,49.00,no,ask,False
34101c0d-a2f1-4e58-809d-536577ac1cc1,KXHIGHLAX-25JUL02-B68.5,2025-07-02T20:19:14.744853Z,0.1500,0.8500,101.00,no,ask,False
24341e17-3d60-43eb-901a-0eb50fa8bbe4,KXHIGHLAX-25JUL02-B68.5,2025-07-02T20:19:14.744853Z,0.1600,0.8400,99.00,no,ask,False
8fe50857-2169-4bb1-8d0d-79231c320804,KXHIGHLAX-25JUL02-B68.5,2025-07-02T20:19:14.203237Z,0.5200,0.4800,61.00,yes,bid,False
88f00e29-1639-450b-997b-7f75cd28e50f,KXHIGHLAX-25JUL02-B68.5,2025-07-02T20:19:14.203237Z,0.4900,0.5100,17.00,yes,bid,False
09dd9adf-f8f1-49d2-9a82-0930377cf1fb,KXHIGHLAX-25JUL02-B68.5,2025-07-02T20:19:14.203237Z,0.5000,0.5000,16.00,yes,bid,False
b4cb9e45-035f-4b59-ac61-f87019541557,KXHIGHLAX-25JUL02-B68.5,2025-07-02T20:18:17.752224Z,0.1900,0.8100,11.00,no,ask,False
27968e5a-8fcd-4f7a-902c-8412fe80539b,KXHIGHLAX-25JUL02-B68.5,2025-07-02T20:18:17.752224Z,0.2000,0.8000,17.00,no,ask,False
fc5c8f17-a2a4-45c9-ba23-53a896d70ce9,KXHIGHLAX-25JUL02-B68.5,2025-07-02T20:17:30.781937Z,0.3200,0.6800,16.00,yes,bid,False
abc56900-5c0f-4013-ae91-a13de3eaceee,KXHIGHLAX-25JUL02-B68.5,2025-07-02T20:17:30.781937Z,0.5200,0.4800,99.00,yes,bid,False
8c529646-81ae-4cc9-993a-bf3fa9a219e5,KXHIGHLAX-25JUL02-B68.5,2025-07-02T20:17:30.781937Z,0.5300,0.4700,64.00,yes,bid,False
2de78a05-40ae-4191-a894-b09065de7c41,KXHIGHLAX-25JUL02-B68.5,2025-07-02T20:17:30.781937Z,0.3300,0.6700,17.00,yes,bid,False
d71c1e7d-e865-402b-af54-91c5ba8ecb3b,KXHIGHLAX-25JUL02-B68.5,2025-07-02T20:09:23.798226Z,0.0700,0.9300,17.00,no,ask,False
9e6f8f6b-4f0a-4e2a-8216-da0831a0da5e,KXHIGHLAX-25JUL02-B68.5,2025-07-02T20:09:23.798226Z,0.0600,0.9400,118.00,no,ask,False
8ec28d58-c0b8-43b6-a87e-60973f5e9aad,KXHIGHLAX-25JUL02-B68.5,2025-07-02T20:09:23.798226Z,0.0600,0.9400,924.00,no,ask,False
977d02d0-2903-4525-b997-29f3bcf642f6,KXHIGHLAX-25JUL02-B68.5,2025-07-02T20:07:54.774305Z,0.0800,0.9200,16.00,no,ask,False
736bcf74-6357-4fed-97b1-a9d2ce5db845,KXHIGHLAX-25JUL02-B68.5,2025-07-02T20:07:54.774305Z,0.0700,0.9300,40.00,no,ask,False
5e6fad06-3a36-4876-a3aa-b41ca29fa906,KXHIGHLAX-25JUL02-B68.5,2025-07-02T20:07:54.774305Z,0.0600,0.9400,2.00,no,ask,False
c471c8f4-a3a9-4684-a214-24854ec8868a,KXHIGHLAX-25JUL02-B68.5,2025-07-02T20:04:30.098236Z,0.1400,0.8600,1.00,yes,bid,False
9bcaf4a1-4ba8-4131-ae7f-29201f9d075c,KXHIGHLAX-25JUL02-B68.5,2025-07-02T20:04:29.333271Z,0.1400,0.8600,9.00,no,ask,False
3e09237b-3543-4afb-9eee-22cae9381afc,KXHIGHLAX-25JUL02-B68.5,2025-07-02T20:04:29.333271Z,0.1800,0.8200,40.00,no,ask,False
1604cb43-4e23-46b1-b0cd-ace0295ea86a,KXHIGHLAX-25JUL02-B68.5,2025-07-02T20:04:29.333271Z,0.1400,0.8600,450.00,no,ask,False
537f1ea8-436b-4d34-9f57-772ec5acdaf6,KXHIGHLAX-25JUL02-B68.5,2025-07-02T19:55:45.103097Z,0.1900,0.8100,84.00,no,ask,False
56cfee2d-e6eb-443c-874f-80ee70f8b2be,KXHIGHLAX-25JUL02-B68.5,2025-07-02T19:52:22.180096Z,0.2000,0.8000,10.00,no,ask,False
e358c324-f374-4da1-bff9-dfebf47b6f97,KXHIGHLAX-25JUL02-B68.5,2025-07-02T19:51:47.60072Z,0.1900,0.8100,99.00,no,ask,False
42b39c26-5308-4b8b-aa65-384c8f1e3908,KXHIGHLAX-25JUL02-B68.5,2025-07-02T19:49:04.708643Z,0.1900,0.8100,99.00,no,ask,False
fa146faf-33a1-410a-8772-00fcd17d72fe,KXHIGHLAX-25JUL02-B68.5,2025-07-02T19:46:44.89976Z,0.1900,0.8100,78.00,no,ask,False
a3c76747-f985-4ad7-85c2-ecf154a3d80d,KXHIGHLAX-25JUL02-B68.5,2025-07-02T19:46:44.89976Z,0.2000,0.8000,16.00,no,ask,False
3ae66985-484b-4bda-b2cb-cc40c6471eaf,KXHIGHLAX-25JUL02-B68.5,2025-07-02T19:46:44.89976Z,0.2900,0.7100,4.00,no,ask,False
60edde13-bebe-4b35-9e78-77d0ac66f155,KXHIGHLAX-25JUL02-B68.5,2025-07-02T19:43:43.925318Z,0.3300,0.6700,83.00,no,ask,False
23b9ab5f-8289-41cb-9435-05508777fcdd,KXHIGHLAX-25JUL02-B68.5,2025-07-02T19:43:43.925318Z,0.3400,0.6600,15.00,no,ask,False
a2c9b52d-d8a4-48ba-ba8a-572c78d40ff5,KXHIGHLAX-25JUL02-B68.5,2025-07-02T19:41:26.436267Z,0.2100,0.7900,16.00,no,ask,False
1ab084b5-72c9-4fd5-8f2a-a14efe0a7cb8,KXHIGHLAX-25JUL02-B68.5,2025-07-02T19:41:26.436267Z,0.1900,0.8100,82.00,no,ask,False
16205783-a2b9-4412-9645-9d226ff32215,KXHIGHLAX-25JUL02-B68.5,2025-07-02T19:41:26.436267Z,0.2000,0.8000,13.00,no,ask,False
a54fdaa5-fb97-4912-abaa-0a7baece850c,KXHIGHLAX-25JUL02-B68.5,2025-07-02T19:14:07.509049Z,0.4600,0.5400,1.00,no,ask,False
9144f6eb-e211-48cc-9f15-dea49b04457a,KXHIGHLAX-25JUL02-B68.5,2025-07-02T19:14:07.509049Z,0.4000,0.6000,99.00,no,ask,False
885ec34f-5af7-419c-b893-908cff9f1380,KXHIGHLAX-25JUL02-B68.5,2025-07-02T19:14:07.509049Z,0.4200,0.5800,15.00,no,ask,False
8642ef3b-8044-4a5f-91fc-37101da3e4b4,KXHIGHLAX-25JUL02-B68.5,2025-07-02T19:14:07.509049Z,0.1800,0.8200,5.00,no,ask,False
8513481b-efa5-4978-bba0-4f02097dfb43,KXHIGHLAX-25JUL02-B68.5,2025-07-02T19:14:07.509049Z,0.4100,0.5900,14.00,no,ask,False
37565053-41e3-49cb-9281-0a220fa25907,KXHIGHLAX-25JUL02-B68.5,2025-07-02T19:10:07.25093Z,0.4600,0.5400,1.00,no,ask,False
dc536710-4b6e-4cfe-b975-56a2baf55479,KXHIGHLAX-25JUL02-B68.5,2025-07-02T19:06:18.208598Z,0.4600,0.5400,13.00,no,ask,False
db7d45c5-0d98-40cc-bc43-9869ec08f540,KXHIGHLAX-25JUL02-B68.5,2025-07-02T19:06:18.208598Z,0.4700,0.5300,16.00,no,ask,False
6f459a94-0771-439f-8ff8-e826929ee2f2,KXHIGHLAX-25JUL02-B68.5,2025-07-02T19:06:18.208598Z,0.4600,0.5400,58.00,no,ask,False
b40a7942-3b2f-4a21-a9eb-7bc59e6672fa,KXHIGHLAX-25JUL02-B68.5,2025-07-02T19:05:13.383877Z,0.5300,0.4700,10.00,yes,bid,False
b76ff319-5216-450c-9426-4dae2fb89aa7,KXHIGHLAX-25JUL02-B68.5,2025-07-02T18:57:05.923038Z,0.5200,0.4800,16.00,yes,bid,False
3e397494-6d0b-4982-b24d-228c0c59a477,KXHIGHLAX-25JUL02-B68.5,2025-07-02T18:57:05.923038Z,0.5300,0.4700,32.00,yes,bid,False
cebe36be-e985-4f50-bf70-ea7082d599ed,KXHIGHLAX-25JUL02-B68.5,2025-07-02T18:53:05.67817Z,0.5200,0.4800,16.00,yes,bid,False
b065b145-89c0-452e-b100-0bfcad334d33,KXHIGHLAX-25JUL02-B68.5,2025-07-02T18:53:05.67817Z,0.5300,0.4700,434.00,yes,bid,False
e4f9240d-aac1-4bd5-9d7c-eb26e3310bfc,KXHIGHLAX-25JUL02-B68.5,2025-07-02T18:52:27.416442Z,0.5200,0.4800,15.00,no,ask,False
f67f38e6-3aa4-49a1-b890-fbe40d14e0db,KXHIGHLAX-25JUL02-B68.5,2025-07-02T18:52:26.473015Z,0.5200,0.4800,14.00,no,ask,False
21648051-913f-4df9-8e6f-c51825292cf4,KXHIGHLAX-25JUL02-B68.5,2025-07-02T18:52:26.271751Z,0.5200,0.4800,4.00,no,ask,False
3a4e33d8-afd8-4336-973f-3fe352c07ac2,KXHIGHLAX-25JUL02-B68.5,2025-07-02T18:52:24.666981Z,0.5200,0.4800,4.00,no,ask,False
a013ba2d-7395-4618-948b-ee275628fa28,KXHIGHLAX-25JUL02-B68.5,2025-07-02T18:52:24.3648Z,0.5200,0.4800,7.00,no,ask,False
c2ec0fa4-0f66-4ff1-87ec-bf8292706e2c,KXHIGHLAX-25JUL02-B68.5,2025-07-02T18:52:23.366841Z,0.5200,0.4800,34.00,no,ask,False
ac4f103f-c213-46c4-96be-717c65960bcf,KXHIGHLAX-25JUL02-B68.5,2025-07-02T18:52:23.276577Z,0.5200,0.4800,10.00,yes,bid,False
2d9ec5a6-c224-42ad-8b96-edcb0578ee1d,KXHIGHLAX-25JUL02-B68.5,2025-07-02T18:51:28.202487Z,0.4700,0.5300,10.00,yes,bid,False
fe940f33-cf76-452d-b9ea-67e738bef330,KXHIGHLAX-25JUL02-B68.5,2025-07-02T18:47:41.494639Z,0.4700,0.5300,16.00,no,ask,False
df16c4f6-2d50-407f-8259-deaef0367a27,KXHIGHLAX-25JUL02-B68.5,2025-07-02T18:47:41.494639Z,0.4700,0.5300,13.00,no,ask,False
91b8b7c9-0438-409c-ad6a-17926ff41b54,KXHIGHLAX-25JUL02-B68.5,2025-07-02T18:47:41.494639Z,0.4700,0.5300,16.00,no,ask,False
7a79ac91-db24-4bd0-9a4b-9ce26a190ee6,KXHIGHLAX-25JUL02-B68.5,2025-07-02T18:37:50.954414Z,0.5000,0.5000,8.00,no,ask,False
9b1cf840-5b74-4374-aba0-640953df9865,KXHIGHLAX-25JUL02-B68.5,2025-07-02T18:34:16.416079Z,0.5000,0.5000,10.00,no,ask,False
37d80b65-c7df-4cfc-af8d-080ac85771d2,KXHIGHLAX-25JUL02-B68.5,2025-07-02T18:25:00.355724Z,0.5000,0.5000,10.00,yes,bid,False
b3fc5f68-344b-456e-9547-1efb32bcdb45,KXHIGHLAX-25JUL02-B68.5,2025-07-02T18:21:24.958Z,0.4200,0.5800,16.00,no,ask,False
a38afaff-a1c3-4b21-9663-83094274ef1e,KXHIGHLAX-25JUL02-B68.5,2025-07-02T18:21:24.958Z,0.4100,0.5900,200.00,no,ask,False
605d708e-f8fd-4817-afab-63f80dc11e7f,KXHIGHLAX-25JUL02-B68.5,2025-07-02T18:21:24.958Z,0.4100,0.5900,6.00,no,ask,False
164b5ffa-9700-44c7-9178-1b1a9dacc3ab,KXHIGHLAX-25JUL02-B68.5,2025-07-02T17:45:30.869287Z,0.4300,0.5700,13.00,yes,bid,False
ff5d2bea-8ee4-4571-88a1-7edb31d670a8,KXHIGHLAX-25JUL02-B68.5,2025-07-02T17:13:45.597578Z,0.4100,0.5900,117.00,no,ask,False
b3afe124-2621-40b5-af66-6c96b1c4794c,KXHIGHLAX-25JUL02-B68.5,2025-07-02T17:13:45.597578Z,0.4300,0.5700,43.00,no,ask,False
b27f066f-9eff-454e-badd-c08f729057a2,KXHIGHLAX-25JUL02-B68.5,2025-07-02T17:10:58.192852Z,0.4300,0.5700,13.00,no,ask,False
b73f9d32-4774-4671-8d65-eb6c782fe5f0,KXHIGHLAX-25JUL02-B68.5,2025-07-02T16:58:57.247475Z,0.4400,0.5600,2.00,no,ask,False
352c4d71-3b7b-4b8b-9ef7-195f8d991961,KXHIGHLAX-25JUL02-B68.5,2025-07-02T16:58:57.247475Z,0.4400,0.5600,15.00,no,ask,False
d453c59b-820c-4439-844a-74fd4644e9c8,KXHIGHLAX-25JUL02-B68.5,2025-07-02T16:46:37.820924Z,0.4300,0.5700,1.00,no,ask,False
0e59f82e-9cff-4062-b3eb-329c0fd12f65,KXHIGHLAX-25JUL02-B68.5,2025-07-02T16:42:50.440432Z,0.4900,0.5100,16.00,yes,bid,False
6cc84653-57a5-4c3b-814d-9c850f75dab7,KXHIGHLAX-25JUL02-B68.5,2025-07-02T16:42:42.218887Z,0.4900,0.5100,15.00,yes,bid,False
57889396-87c3-4ba2-af09-30f697d09ac2,KXHIGHLAX-25JUL02-B68.5,2025-07-02T16:42:42.218887Z,0.4800,0.5200,6.00,yes,bid,False
e60f6ad4-fabf-4dd4-9db5-b7d83fcfb935,KXHIGHLAX-25JUL02-B68.5,2025-07-02T16:42:18.443329Z,0.4800,0.5200,10.00,yes,bid,False
c6f4d285-a149-49b9-86cc-be7d7c441131,KXHIGHLAX-25JUL02-B68.5,2025-07-02T16:26:15.864547Z,0.4700,0.5300,38.00,yes,bid,False
8f530f59-1001-4d40-98fe-21a72633a922,KXHIGHLAX-25JUL02-B68.5,2025-07-02T16:26:15.864547Z,0.4600,0.5400,15.00,yes,bid,False
9ad83da4-cbc8-4c1c-9fdc-9348d399dd93,KXHIGHLAX-25JUL02-B68.5,2025-07-02T16:23:13.849536Z,0.4800,0.5200,14.00,yes,bid,False
819df3b2-844f-4236-8e68-a09751b50fea,KXHIGHLAX-25JUL02-B68.5,2025-07-02T16:18:27.993153Z,0.4800,0.5200,17.00,yes,bid,False
22efb642-8dbf-4fae-b50a-3dfba9286a43,KXHIGHLAX-25JUL02-B68.5,2025-07-02T16:18:27.993153Z,0.4900,0.5100,3.00,yes,bid,False
bbe0562f-949c-4d92-869a-ba8e76912875,KXHIGHLAX-25JUL02-B68.5,2025-07-02T16:13:50.622768Z,0.5000,0.5000,3.00,yes,bid,False
119fd26d-d1b6-482b-8f4b-062a0baa982e,KXHIGHLAX-25JUL02-B68.5,2025-07-02T16:00:00.815791Z,0.4200,0.5800,10.00,no,ask,False
6eb51ded-8d9e-4df7-a8b1-47af19ab72cb,KXHIGHLAX-25JUL02-B68.5,2025-07-02T15:41:44.368129Z,0.5100,0.4900,10.00,yes,bid,False
365d08a0-296d-4922-a75b-4d1f0a6a7583,KXHIGHLAX-25JUL02-B68.5,2025-07-02T15:41:44.368129Z,0.4800,0.5200,5.00,yes,bid,False
5b06e69a-ae19-4a4f-baa0-6408eac33bd7,KXHIGHLAX-25JUL02-B68.5,2025-07-02T15:36:41.156172Z,0.4800,0.5200,2.00,yes,bid,False
f3d7cad5-5019-4c58-a833-f37bd34e526f,KXHIGHLAX-25JUL02-B68.5,2025-07-02T15:30:05.912757Z,0.4800,0.5200,20.00,yes,bid,False
efb50e4a-a1b5-4538-a13d-6af964a2420b,KXHIGHLAX-25JUL02-B68.5,2025-07-02T15:23:28.251293Z,0.3900,0.6100,17.00,yes,bid,False
c3343e1a-5c66-4c5c-91c9-0fdfae75ee72,KXHIGHLAX-25JUL02-B68.5,2025-07-02T15:23:28.251293Z,0.4200,0.5800,32.00,yes,bid,False
781ee038-971f-4b0e-ad9b-a554a1e4951f,KXHIGHLAX-25JUL02-B68.5,2025-07-02T15:23:28.251293Z,0.4800,0.5200,5.00,yes,bid,False
660f29cf-0a6a-4f58-82b5-6079a520b65d,KXHIGHLAX-25JUL02-B68.5,2025-07-02T15:23:28.251293Z,0.4700,0.5300,12.00,yes,bid,False
15301773-5504-49f4-be70-70ba6f3f6a2b,KXHIGHLAX-25JUL02-B68.5,2025-07-02T15:23:28.251293Z,0.3800,0.6200,14.00,yes,bid,False
8ec2af6e-7353-43e8-9279-6bc3023e071f,KXHIGHLAX-25JUL02-B68.5,2025-07-02T14:28:45.001629Z,0.2700,0.7300,46.00,no,ask,False
235b261b-0bdd-423c-b9b9-79339323fa03,KXHIGHLAX-25JUL02-B68.5,2025-07-02T14:28:45.001629Z,0.2900,0.7100,17.00,no,ask,False
088e148b-6631-49b6-9387-1c3f8c503bd9,KXHIGHLAX-25JUL02-B68.5,2025-07-02T14:28:45.001629Z,0.2900,0.7100,45.00,no,ask,False
b3af4545-c8e7-487a-a95f-c59be63760ab,KXHIGHLAX-25JUL02-B68.5,2025-07-02T14:23:12.407182Z,0.3000,0.7000,14.00,no,ask,False
473c5dd8-b123-4f78-b1c6-9c8eb8d2a1d5,KXHIGHLAX-25JUL02-B68.5,2025-07-02T14:23:12.407182Z,0.2800,0.7200,54.00,no,ask,False
7edbf4d3-7744-454c-817d-fe4f57a51a0f,KXHIGHLAX-25JUL02-B68.5,2025-07-02T14:22:46.139224Z,0.3000,0.7000,26.00,no,ask,False
3614ff2b-9da5-4333-9175-030deaf743e0,KXHIGHLAX-25JUL02-B68.5,2025-07-02T14:22:46.139224Z,0.3100,0.6900,29.00,no,ask,False
2ca619df-56e1-4fba-aadc-543402af8218,KXHIGHLAX-25JUL02-B68.5,2025-07-02T14:22:46.139224Z,0.2900,0.7100,84.00,no,ask,False
81cff45b-1d7c-413f-9b7e-1bb0cba02955,KXHIGHLAX-25JUL02-B68.5,2025-07-02T14:21:26.677621Z,0.3100,0.6900,9.00,no,ask,False
77c8f18b-2794-4f05-bf44-8adf83ac21f6,KXHIGHLAX-25JUL02-B68.5,2025-07-02T14:21:26.677621Z,0.3200,0.6800,32.00,no,ask,False
6fb5d31f-143b-462f-83ef-59721800f1a4,KXHIGHLAX-25JUL02-B68.5,2025-07-02T14:21:26.677621Z,0.3100,0.6900,20.00,no,ask,False
6c432eba-0df9-4524-8f49-5465b8cf1d39,KXHIGHLAX-25JUL02-B68.5,2025-07-02T14:21:26.677621Z,0.3000,0.7000,80.00,no,ask,False
7f43e090-a59e-4579-abf4-d6dfbcbb31b3,KXHIGHLAX-25JUL02-B68.5,2025-07-02T13:40:21.382486Z,0.3400,0.6600,88.00,yes,bid,False
38dd6a86-fb0c-4471-81e8-af059548e311,KXHIGHLAX-25JUL02-B68.5,2025-07-02T13:30:55.49616Z,0.3600,0.6400,50.00,yes,bid,False
00946552-1b32-4a91-89fe-5deb058d7b83,KXHIGHLAX-25JUL02-B68.5,2025-07-02T13:30:55.49616Z,0.3700,0.6300,28.00,yes,bid,False
d2a73fc8-0160-44b2-8b5e-5ef6090ff218,KXHIGHLAX-25JUL02-B68.5,2025-07-02T13:19:34.187119Z,0.3500,0.6500,96.00,yes,bid,False
5206292e-dbc6-4f5b-af51-8f33b73583d7,KXHIGHLAX-25JUL02-B68.5,2025-07-02T13:19:34.187119Z,0.3700,0.6300,167.00,yes,bid,False
c55ebd0f-cdaa-4a72-9760-906f2dea5230,KXHIGHLAX-25JUL02-B68.5,2025-07-02T13:10:12.45275Z,0.3300,0.6700,10.00,yes,bid,False
dabb76ba-ee0e-4cd2-bef3-cb669ba91093,KXHIGHLAX-25JUL02-B68.5,2025-07-02T13:02:07.46636Z,0.3000,0.7000,43.00,yes,bid,False
bc0528d2-444e-4a41-9462-37adb2a08b00,KXHIGHLAX-25JUL02-B68.5,2025-07-02T13:02:07.46636Z,0.2900,0.7100,18.00,yes,bid,False
90b2d8f3-96f3-47f7-a463-21d082c92b1e,KXHIGHLAX-25JUL02-B68.5,2025-07-02T13:02:07.46636Z,0.3000,0.7000,2.00,yes,bid,False
7f23c604-60ad-4b98-b08b-31ce82430092,KXHIGHLAX-25JUL02-B68.5,2025-07-02T13:02:07.46636Z,0.3400,0.6600,80.00,yes,bid,False
7c3c1297-dfbb-416f-9955-d97558200d7e,KXHIGHLAX-25JUL02-B68.5,2025-07-02T13:02:07.46636Z,0.3200,0.6800,5.00,yes,bid,False
267e15ae-858c-4acc-a8fb-626a6d093913,KXHIGHLAX-25JUL02-B68.5,2025-07-02T12:40:28.163264Z,0.2800,0.7200,13.00,yes,bid,False
20e05ac5-0c75-48e1-b2a1-3b5fb3491514,KXHIGHLAX-25JUL02-B68.5,2025-07-02T12:33:47.029731Z,0.2800,0.7200,1.00,yes,bid,False
fd0a99e2-670c-4d53-a880-1be668062015,KXHIGHLAX-25JUL02-B68.5,2025-07-02T12:31:20.368389Z,0.3100,0.6900,3.00,no,ask,False
f6e0a709-03b7-49d6-9e3b-46a3760ce010,KXHIGHLAX-25JUL02-B68.5,2025-07-02T12:31:20.368389Z,0.2500,0.7500,144.00,no,ask,False
e9b8cdac-78b7-4806-99f0-dc9e6fa56f9a,KXHIGHLAX-25JUL02-B68.5,2025-07-02T12:31:20.368389Z,0.3100,0.6900,98.00,no,ask,False
cfcb0528-d012-4184-a4e1-3880b1d20b70,KXHIGHLAX-25JUL02-B68.5,2025-07-02T12:31:20.368389Z,0.2900,0.7100,200.00,no,ask,False
bbacdf84-c429-4800-9a0f-3ca9a928fec9,KXHIGHLAX-25JUL02-B68.5,2025-07-02T12:31:20.368389Z,0.2600,0.7400,60.00,no,ask,False
660788c5-7bb9-4c2c-b02f-e1e5302098a8,KXHIGHLAX-25JUL02-B68.5,2025-07-02T12:31:20.368389Z,0.3200,0.6800,38.00,no,ask,False
29fa2c9a-0983-4825-9293-39f582f883dc,KXHIGHLAX-25JUL02-B68.5,2025-07-02T12:31:20.368389Z,0.2700,0.7300,200.00,no,ask,False
ddda15b9-789a-424d-b9ff-224a2b5165d2,KXHIGHLAX-25JUL02-B68.5,2025-07-02T12:18:59.656851Z,0.3400,0.6600,15.00,no,ask,False
cd1bf3c2-0619-4397-a3f8-110ebd9f2a7e,KXHIGHLAX-25JUL02-B68.5,2025-07-02T12:18:59.656851Z,0.3300,0.6700,32.00,no,ask,False
7bab1a6b-957f-4c25-8e61-446e8234d0c5,KXHIGHLAX-25JUL02-B68.5,2025-07-02T12:18:59.656851Z,0.3000,0.7000,2.00,no,ask,False
016f8792-e49c-40db-9aad-997c3c4e1d0e,KXHIGHLAX-25JUL02-B68.5,2025-07-02T12:18:59.656851Z,0.3200,0.6800,16.00,no,ask,False
64821c50-58e9-47b1-a686-113d43a534b3,KXHIGHLAX-25JUL02-B68.5,2025-07-02T12:03:41.789562Z,0.3200,0.6800,15.00,yes,bid,False
965d06a8-82ac-413a-9990-04ba97e38c18,KXHIGHLAX-25JUL02-B68.5,2025-07-02T06:48:49.57667Z,0.3800,0.6200,17.00,yes,bid,False
8157cd73-5961-4f73-91ef-4ef6184b2fd4,KXHIGHLAX-25JUL02-B68.5,2025-07-02T06:30:18.771385Z,0.3400,0.6600,85.00,no,ask,False
802a7543-b2ca-4afe-9c18-f4c78a5cbc01,KXHIGHLAX-25JUL02-B68.5,2025-07-02T06:30:18.771385Z,0.3300,0.6700,49.00,no,ask,False
4b5e4c9d-aedd-42ce-8a39-d718a4012efb,KXHIGHLAX-25JUL02-B68.5,2025-07-02T06:30:18.771385Z,0.3300,0.6700,10.00,no,ask,False
ffe290a2-f6c7-4787-af68-961f52edfbb6,KXHIGHLAX-25JUL02-B68.5,2025-07-02T05:11:50.68332Z,0.3900,0.6100,7.00,yes,bid,False
d8100b8c-49b4-4397-8f1c-c3bdaf2791c8,KXHIGHLAX-25JUL02-B68.5,2025-07-02T04:57:02.27083Z,0.3800,0.6200,101.00,yes,bid,False
99dcfa7c-8e79-4c2c-b237-194561565b4d,KXHIGHLAX-25JUL02-B68.5,2025-07-02T04:57:02.27083Z,0.3700,0.6300,25.00,yes,bid,False
339c9f0a-26df-45a3-a6b9-6a27e96c0c07,KXHIGHLAX-25JUL02-B68.5,2025-07-02T04:48:39.843801Z,0.3900,0.6100,122.00,yes,bid,False
8972b82b-72eb-4d1d-bf81-18b86ee3f034,KXHIGHLAX-25JUL02-B68.5,2025-07-02T04:48:16.350694Z,0.3300,0.6700,25.00,no,ask,False
31cff415-ba7a-43f9-b2b5-7fb08dad90fd,KXHIGHLAX-25JUL02-B68.5,2025-07-02T04:48:16.350694Z,0.3400,0.6600,4.00,no,ask,False
de9af4eb-da73-4007-b275-c1323d3c5903,KXHIGHLAX-25JUL02-B68.5,2025-07-02T04:23:24.943091Z,0.4000,0.6000,18.00,yes,bid,False
7718f4e9-3552-47f7-9007-784b21a6738d,KXHIGHLAX-25JUL02-B68.5,2025-07-02T04:23:24.943091Z,0.3900,0.6100,32.00,yes,bid,False
5673bd70-2a26-4571-86df-93bb607a850a,KXHIGHLAX-25JUL02-B68.5,2025-07-02T04:08:25.892831Z,0.3500,0.6500,32.00,no,ask,False
2775980e-9f48-4b2d-b3e7-d14603cf7695,KXHIGHLAX-25JUL02-B68.5,2025-07-02T04:08:25.892831Z,0.3600,0.6400,3.00,no,ask,False
f346613f-79ff-4bc1-ac86-7677f835658e,KXHIGHLAX-25JUL02-B68.5,2025-07-02T03:37:49.802578Z,0.4100,0.5900,200.00,yes,bid,False
ef1df5b6-03b5-44a3-95f6-2f723b1859a6,KXHIGHLAX-25JUL02-B68.5,2025-07-02T03:37:49.802578Z,0.3900,0.6100,2.00,yes,bid,False
eb2a331d-d2eb-48fa-a026-fef2c0c5bf0a,KXHIGHLAX-25JUL02-B68.5,2025-07-02T03:37:49.802578Z,0.4300,0.5700,60.00,yes,bid,False
6a2633e8-3222-4bd0-be1a-af1009f9f6e4,KXHIGHLAX-25JUL02-B68.5,2025-07-02T03:37:49.802578Z,0.4300,0.5700,54.00,yes,bid,False
2795824c-206d-48f1-ab3c-3ccb8dfa13e8,KXHIGHLAX-25JUL02-B68.5,2025-07-02T03:37:49.802578Z,0.4200,0.5800,60.00,yes,bid,False
2412a6b9-773b-4317-9ebc-f3defa4b6ba2,KXHIGHLAX-25JUL02-B68.5,2025-07-02T03:37:49.802578Z,0.4100,0.5900,60.00,yes,bid,False
1e281d2a-7548-4ddd-b615-66deac01c99c,KXHIGHLAX-25JUL02-B68.5,2025-07-02T03:37:49.802578Z,0.3900,0.6100,7.00,yes,bid,False
140fc096-b792-49b4-9734-279e21266b91,KXHIGHLAX-25JUL02-B68.5,2025-07-02T03:37:49.802578Z,0.4200,0.5800,18.00,yes,bid,False
c53ba5f3-be5c-48cc-85c4-2d5781646e0e,KXHIGHLAX-25JUL02-B68.5,2025-07-02T03:10:03.500926Z,0.3600,0.6400,52.00,yes,bid,False
87f9eb63-0578-4be1-ba51-4b6ed54a7773,KXHIGHLAX-25JUL02-B68.5,2025-07-02T03:10:03.500926Z,0.3800,0.6200,200.00,yes,bid,False
5e833b45-ed1d-4c6d-bfe4-9552f128513c,KXHIGHLAX-25JUL02-B68.5,2025-07-02T03:10:03.500926Z,0.4000,0.6000,158.00,yes,bid,False
1f473540-399d-432a-9c44-fb2393b24aff,KXHIGHLAX-25JUL02-B68.5,2025-07-02T03:10:03.500926Z,0.4000,0.6000,60.00,yes,bid,False
0beb9a98-42c2-4561-be36-ba6f2a0b05a7,KXHIGHLAX-25JUL02-B68.5,2025-07-02T03:10:03.500926Z,0.3600,0.6400,27.00,yes,bid,False
24e97aa1-d8c9-45d9-9608-880c84d040eb,KXHIGHLAX-25JUL02-B68.5,2025-07-02T03:04:26.701413Z,0.3500,0.6500,88.00,yes,bid,False
11b6082c-dfba-4e91-ba34-0d10384d1832,KXHIGHLAX-25JUL02-B68.5,2025-07-02T03:04:26.701413Z,0.3700,0.6300,46.00,yes,bid,False
c808be4b-ef05-4f5d-9d0d-97496b3964a2,KXHIGHLAX-25JUL02-B68.5,2025-07-02T03:00:34.840538Z,0.3600,0.6400,20.00,yes,bid,False
1f3b72c3-a791-4ed7-a212-7dbc7ccdcfd4,KXHIGHLAX-25JUL02-B68.5,2025-07-02T03:00:34.840538Z,0.3400,0.6600,20.00,yes,bid,False
f65ac11f-8345-4151-a743-a30d0916088b,KXHIGHLAX-25JUL02-B68.5,2025-07-02T02:56:30.314912Z,0.3500,0.6500,105.00,yes,bid,False
c77ece25-5d28-4d5c-9de1-f116fe60e28d,KXHIGHLAX-25JUL02-B68.5,2025-07-02T02:56:30.314912Z,0.3500,0.6500,23.00,yes,bid,False
94e0503d-4d2e-4291-97ad-e8c36efd4d5b,KXHIGHLAX-25JUL02-B68.5,2025-07-02T02:56:30.314912Z,0.3300,0.6700,3.00,yes,bid,False
7323660a-63ba-41bc-b64e-4112c2d5392e,KXHIGHLAX-25JUL02-B68.5,2025-07-02T02:56:30.314912Z,0.3300,0.6700,9.00,yes,bid,False
d5a7207f-3c05-48fc-9099-01d1ed7d0878,KXHIGHLAX-25JUL02-B68.5,2025-07-02T02:05:27.862347Z,0.3200,0.6800,10.00,yes,bid,False
e084fb2b-45d5-42b3-a9d2-14f1a3bfd45a,KXHIGHLAX-25JUL02-B68.5,2025-07-02T02:01:43.723136Z,0.3100,0.6900,6.00,no,ask,False
9bf70973-1fef-43d0-b6a4-08fd6b023225,KXHIGHLAX-25JUL02-B68.5,2025-07-02T01:39:36.637228Z,0.3100,0.6900,186.00,no,ask,False
c5e74422-74bd-47cb-a8b6-2ce06f06294a,KXHIGHLAX-25JUL02-B68.5,2025-07-02T01:19:58.864194Z,0.3100,0.6900,14.00,no,ask,False
c5fb1059-8638-4dba-bd95-2f184a76d5b6,KXHIGHLAX-25JUL02-B68.5,2025-07-02T01:16:39.170211Z,0.3100,0.6900,35.00,no,ask,False
5514b2f2-141d-4fb8-9f7d-9a22925c5b62,KXHIGHLAX-25JUL02-B68.5,2025-07-02T01:16:03.222457Z,0.3200,0.6800,10.00,no,ask,False
3b9c939d-da12-4a5c-8564-2a97fe5b0d78,KXHIGHLAX-25JUL02-B68.5,2025-07-02T01:16:03.222457Z,0.3100,0.6900,25.00,no,ask,False
e181df7e-8085-45aa-aae0-f041b122433d,KXHIGHLAX-25JUL02-B68.5,2025-07-02T00:58:31.477334Z,0.3200,0.6800,5.00,no,ask,False
382505d7-7b89-473e-924b-f3a3e49469a5,KXHIGHLAX-25JUL02-B68.5,2025-07-02T00:55:30.360463Z,0.3300,0.6700,7.00,yes,bid,False
9f4a951b-bb2e-411a-bc7a-eab09761fc2c,KXHIGHLAX-25JUL02-B68.5,2025-07-02T00:01:55.19132Z,0.3300,0.6700,60.00,yes,bid,False
cc985b02-2970-432e-bd96-5d27ade37336,KXHIGHLAX-25JUL02-B70.5,2025-07-02T23:41:39.572573Z,0.9900,0.0100,181.00,no,ask,False
07f9a5c1-1457-4f5b-87f5-f9ffc49d08c3,KXHIGHLAX-25JUL02-B70.5,2025-07-02T22:42:11.567248Z,0.9900,0.0100,258.00,no,ask,False
8b5aa33d-4b6b-42b5-8bc1-03287d25c693,KXHIGHLAX-25JUL02-B70.5,2025-07-02T22:32:06.533188Z,0.9900,0.0100,18.00,no,ask,False
18e803a9-fd6c-4b03-ac9e-1233ae22fc6a,KXHIGHLAX-25JUL02-B70.5,2025-07-02T22:25:20.430688Z,0.9900,0.0100,75.00,no,ask,False
954dc1d3-9da5-4ba8-9b3f-ca6ee3b6692b,KXHIGHLAX-25JUL02-B70.5,2025-07-02T22:25:10.066297Z,0.9900,0.0100,71.00,no,ask,False
d1205654-83ac-4fde-991a-0aa189fb8d0d,KXHIGHLAX-25JUL02-B70.5,2025-07-02T22:19:24.588668Z,0.9900,0.0100,16.00,no,ask,False
fbc848c0-b3fe-44fa-9263-91dec75e91b6,KXHIGHLAX-25JUL02-B70.5,2025-07-02T22:14:41.689541Z,0.9900,0.0100,29.00,no,ask,False
428fadfa-836c-4b3b-8fdb-3b422041fbd7,KXHIGHLAX-25JUL02-B70.5,2025-07-02T22:14:41.689541Z,0.9900,0.0100,133.00,no,ask,False
a3578011-b504-4155-bb89-c681f2e7a3a1,KXHIGHLAX-25JUL02-B70.5,2025-07-02T22:10:28.017618Z,0.9900,0.0100,39.00,no,ask,False
8edab784-0693-47be-98a2-fa7ac5e38a0b,KXHIGHLAX-25JUL02-B70.5,2025-07-02T22:09:31.785543Z,0.9800,0.0200,51.00,no,ask,False
ecd04c35-973a-4910-a30f-e77abb2a262b,KXHIGHLAX-25JUL02-B70.5,2025-07-02T22:08:42.468403Z,0.9900,0.0100,254.00,yes,bid,False
8db1292c-1718-436a-b70c-d06b8ebb448a,KXHIGHLAX-25JUL02-B70.5,2025-07-02T22:08:42.468403Z,0.9900,0.0100,300.00,yes,bid,False
41c2e835-6902-424c-9e8f-85aea76af1ab,KXHIGHLAX-25JUL02-B70.5,2025-07-02T22:08:32.265821Z,0.9700,0.0300,120.00,yes,bid,False
091023f0-f8a2-40c4-b7d9-74d9f98c9de2,KXHIGHLAX-25JUL02-B70.5,2025-07-02T22:08:32.265821Z,0.9600,0.0400,40.00,yes,bid,False
d4e6e276-9a5c-4e70-8cb0-081fa4b0b8ef,KXHIGHLAX-25JUL02-B70.5,2025-07-02T22:08:19.846769Z,0.9400,0.0600,40.00,yes,bid,False
bc2b9f86-7e6f-4659-86af-e6343b297682,KXHIGHLAX-25JUL02-B70.5,2025-07-02T22:08:03.217085Z,0.8600,0.1400,10.00,yes,bid,False
e9976bc4-8a6a-45e8-a8e1-9b24b86354d1,KXHIGHLAX-25JUL02-B70.5,2025-07-02T22:07:28.859676Z,0.8600,0.1400,1.00,yes,bid,False
dc749b4a-d390-48ff-b918-b98d714f1fcc,KXHIGHLAX-25JUL02-B70.5,2025-07-02T22:04:40.118075Z,0.8000,0.2000,25.00,yes,bid,False
b053a9c3-3088-4e6f-a3d6-01c3d1fe3ffe,KXHIGHLAX-25JUL02-B70.5,2025-07-02T22:04:40.118075Z,0.8600,0.1400,15.00,yes,bid,False
818ff200-bd14-4754-8141-de970e8c32b2,KXHIGHLAX-25JUL02-B70.5,2025-07-02T22:04:40.118075Z,0.7700,0.2300,5.00,yes,bid,False
b2bdd359-75a0-4de3-b2f5-4677572366cf,KXHIGHLAX-25JUL02-B70.5,2025-07-02T22:04:20.529382Z,0.7700,0.2300,40.00,yes,bid,False
6c0e03cd-0fad-4514-8ade-ea4c67d87db9,KXHIGHLAX-25JUL02-B70.5,2025-07-02T22:03:14.950198Z,0.7500,0.2500,25.00,no,ask,False
1f772891-8d5e-40ab-ba7d-8b4fc6cb0a2f,KXHIGHLAX-25JUL02-B70.5,2025-07-02T21:53:23.504987Z,0.8000,0.2000,3.00,yes,bid,False
3cf8e2ba-0a8b-4bf2-82af-ffdcf68791f4,KXHIGHLAX-25JUL02-B70.5,2025-07-02T21:44:11.565349Z,0.7800,0.2200,71.00,yes,bid,False
6e58028e-36f4-46f6-871c-292e3f21238d,KXHIGHLAX-25JUL02-B70.5,2025-07-02T21:40:49.189521Z,0.8000,0.2000,15.00,yes,bid,False
768cc9cb-980b-41dd-962c-21470340f70a,KXHIGHLAX-25JUL02-B70.5,2025-07-02T21:34:08.737415Z,0.8200,0.1800,16.00,yes,bid,False
6c72ad96-a24f-4e8b-a78e-2ad49081a799,KXHIGHLAX-25JUL02-B70.5,2025-07-02T21:34:08.737415Z,0.7700,0.2300,10.00,yes,bid,False
2d1905aa-d809-4fe9-a9cf-a4b26beed50e,KXHIGHLAX-25JUL02-B70.5,2025-07-02T21:34:08.737415Z,0.7700,0.2300,190.00,yes,bid,False
28e61854-faed-4224-8dcc-e64ed8c609c8,KXHIGHLAX-25JUL02-B70.5,2025-07-02T21:34:08.737415Z,0.7700,0.2300,12.00,yes,bid,False
04578fa6-078a-44d2-83d3-999aff53a182,KXHIGHLAX-25JUL02-B70.5,2025-07-02T21:34:08.737415Z,0.7600,0.2400,26.00,yes,bid,False
456dfe15-ab5f-45a2-b016-85a62e0f45a4,KXHIGHLAX-25JUL02-B70.5,2025-07-02T21:33:51.137186Z,0.7700,0.2300,4.00,yes,bid,False
0e72cbbc-8b2a-45ee-b617-b59df81c2a1a,KXHIGHLAX-25JUL02-B70.5,2025-07-02T21:33:51.137186Z,0.7600,0.2400,14.00,yes,bid,False
cd50b0a6-c1b6-48b0-91b8-ed8ae9a44464,KXHIGHLAX-25JUL02-B70.5,2025-07-02T21:32:51.251878Z,0.5900,0.4100,41.00,yes,bid,False
2baa4191-97f1-43f5-a76a-db23cdfb0f26,KXHIGHLAX-25JUL02-B70.5,2025-07-02T21:32:51.251878Z,0.6900,0.3100,10.00,yes,bid,False
6f0e402d-206e-49d8-964f-3313d73342eb,KXHIGHLAX-25JUL02-B70.5,2025-07-02T21:32:14.234924Z,0.5900,0.4100,39.00,yes,bid,False
c548c7ab-6546-4bfa-841c-1e4fc72b4718,KXHIGHLAX-25JUL02-B70.5,2025-07-02T21:22:41.473572Z,0.5400,0.4600,16.00,no,ask,False
74bd78e6-d89c-4e73-999d-a36d864497aa,KXHIGHLAX-25JUL02-B70.5,2025-07-02T21:22:41.473572Z,0.5300,0.4700,24.00,no,ask,False
3b6d279c-5668-476c-b54c-a894932b327e,KXHIGHLAX-25JUL02-B70.5,2025-07-02T21:22:41.473572Z,0.5500,0.4500,14.00,no,ask,False
91c6fc5b-8462-4f1e-a878-5f6461ed7909,KXHIGHLAX-25JUL02-B70.5,2025-07-02T21:20:21.3944Z,0.7100,0.2900,3.00,yes,bid,False
95689307-fc87-4084-bbaf-bd4379be1098,KXHIGHLAX-25JUL02-B70.5,2025-07-02T21:19:39.899954Z,0.5500,0.4500,16.00,yes,bid,False
6b20ac9d-ca27-4187-aaa0-86d506a8b3ec,KXHIGHLAX-25JUL02-B70.5,2025-07-02T21:19:08.760099Z,0.5500,0.4500,19.00,no,ask,False
f73adecc-89bf-4c5b-92c7-a4dea030965c,KXHIGHLAX-25JUL02-B70.5,2025-07-02T21:13:51.067244Z,0.7800,0.2200,2.00,yes,bid,False
1912a0cd-2276-4279-9c1c-894301da987c,KXHIGHLAX-25JUL02-B70.5,2025-07-02T21:13:51.067244Z,0.7800,0.2200,8.00,yes,bid,False
cc6da547-1306-4c2f-8721-40b5d4cb9346,KXHIGHLAX-25JUL02-B70.5,2025-07-02T21:12:29.285259Z,0.7700,0.2300,17.00,yes,bid,False
cd059f11-f4dc-450f-809c-80e2f755605f,KXHIGHLAX-25JUL02-B70.5,2025-07-02T21:08:47.158463Z,0.8400,0.1600,2.00,yes,bid,False
4d8c1765-fe80-4752-9611-b1c0a7224811,KXHIGHLAX-25JUL02-B70.5,2025-07-02T21:08:47.158463Z,0.8400,0.1600,8.00,yes,bid,False
06c0a7bb-12b1-47d0-9e69-91c13f1bfbed,KXHIGHLAX-25JUL02-B70.5,2025-07-02T21:07:50.422577Z,0.8400,0.1600,2.00,yes,bid,False
d966a25c-6158-4c84-95e9-75d920d270ae,KXHIGHLAX-25JUL02-B70.5,2025-07-02T21:04:13.045336Z,0.8600,0.1400,10.00,yes,bid,False
d4eb5343-075f-4130-a640-7efa222d07bb,KXHIGHLAX-25JUL02-B70.5,2025-07-02T21:00:36.390421Z,0.5000,0.5000,99.00,no,ask,False
67825c84-140e-4921-9675-6a7778e5f94f,KXHIGHLAX-25JUL02-B70.5,2025-07-02T21:00:36.390421Z,0.4900,0.5100,29.00,no,ask,False
b3fdcdc3-7779-4c1a-8452-be1e580c69ca,KXHIGHLAX-25JUL02-B70.5,2025-07-02T20:58:20.420753Z,0.5500,0.4500,15.00,no,ask,False
17ce496e-472c-4d8d-ad4c-d5a6b13d0850,KXHIGHLAX-25JUL02-B70.5,2025-07-02T20:58:20.420753Z,0.5400,0.4600,16.00,no,ask,False
ed174cc3-ba98-4d87-b8e2-112238e064cf,KXHIGHLAX-25JUL02-B70.5,2025-07-02T20:55:30.607932Z,0.5200,0.4800,33.00,no,ask,False
a55b1012-6430-4811-ac9b-3a2b6df16306,KXHIGHLAX-25JUL02-B70.5,2025-07-02T20:55:30.607932Z,0.6300,0.3700,10.00,no,ask,False
7f46cc73-36f9-40ad-9f31-19eee1c83275,KXHIGHLAX-25JUL02-B70.5,2025-07-02T20:55:30.607932Z,0.6500,0.3500,15.00,no,ask,False
50fc6959-374c-4f23-8a0e-2353a99e721e,KXHIGHLAX-25JUL02-B70.5,2025-07-02T20:55:30.607932Z,0.6600,0.3400,19.00,no,ask,False
50a34726-2266-4079-ad52-04c6847e879f,KXHIGHLAX-25JUL02-B70.5,2025-07-02T20:55:30.607932Z,0.5200,0.4800,24.00,no,ask,False
9aa688b0-894d-43dd-a42a-dbe4a6386298,KXHIGHLAX-25JUL02-B70.5,2025-07-02T20:52:22.916515Z,0.9000,0.1000,5.00,yes,bid,False
2fcc3836-e301-41fa-a761-ad3a537fc7c1,KXHIGHLAX-25JUL02-B70.5,2025-07-02T20:41:28.730689Z,0.8900,0.1100,4.00,no,ask,False
0fdbf426-0564-408b-b36a-d14d6e5d4033,KXHIGHLAX-25JUL02-B70.5,2025-07-02T20:40:50.820512Z,0.8700,0.1300,10.00,no,ask,False
c74dbcd2-3bd4-4983-a1e1-52c670c13c6d,KXHIGHLAX-25JUL02-B70.5,2025-07-02T20:40:44.993611Z,0.8600,0.1400,20.00,yes,bid,False
dbe3f31e-d788-404d-a5d6-84e945ad786c,KXHIGHLAX-25JUL02-B70.5,2025-07-02T20:40:44.184099Z,0.8600,0.1400,4.00,yes,bid,False
de6c7a45-96d3-46c2-8435-733f45e4a330,KXHIGHLAX-25JUL02-B70.5,2025-07-02T20:40:43.022606Z,0.8600,0.1400,4.00,yes,bid,False
de1e8c1f-6d54-4cdf-8b6b-a00b99aac008,KXHIGHLAX-25JUL02-B70.5,2025-07-02T20:18:17.678277Z,0.8500,0.1500,12.00,yes,bid,False
b33db6c8-52b5-4349-96c2-e6268aae9452,KXHIGHLAX-25JUL02-B70.5,2025-07-02T20:18:17.678277Z,0.8400,0.1600,28.00,yes,bid,False
fbb95211-b3c1-4a06-8431-b87ab0418bbf,KXHIGHLAX-25JUL02-B70.5,2025-07-02T20:17:40.459542Z,0.5400,0.4600,17.00,no,ask,False
e5fbc851-7f0f-4f85-b7fd-decda7375429,KXHIGHLAX-25JUL02-B70.5,2025-07-02T20:17:40.459542Z,0.5600,0.4400,24.00,no,ask,False
e04a3439-bd06-4ff8-9c3c-5300191b363a,KXHIGHLAX-25JUL02-B70.5,2025-07-02T20:17:40.459542Z,0.5100,0.4900,99.00,no,ask,False
bf00a536-8a1d-4e23-8d89-377e1d483196,KXHIGHLAX-25JUL02-B70.5,2025-07-02T20:17:40.459542Z,0.5000,0.5000,17.00,no,ask,False
b004d194-0f45-4b55-b047-b57c2a88c661,KXHIGHLAX-25JUL02-B70.5,2025-07-02T20:13:53.695114Z,0.6500,0.3500,99.00,no,ask,False
25202cdf-d6a5-4622-8843-6241b027772a,KXHIGHLAX-25JUL02-B70.5,2025-07-02T20:13:53.695114Z,0.4900,0.5100,26.00,no,ask,False
01f7d088-ab7c-4b87-87f2-fb52f5c61b39,KXHIGHLAX-25JUL02-B70.5,2025-07-02T20:13:53.695114Z,0.6500,0.3500,37.00,no,ask,False
e0c73e13-9754-4728-9c50-fad67d5228de,KXHIGHLAX-25JUL02-B70.5,2025-07-02T20:10:03.981703Z,0.5300,0.4700,10.00,no,ask,False
fcd36f1a-3137-4213-a7e7-773819ef75b1,KXHIGHLAX-25JUL02-B70.5,2025-07-02T20:09:12.557077Z,0.9500,0.0500,5.00,yes,bid,False
2fed6bf2-e1f9-4e99-b153-ff2291bf8cff,KXHIGHLAX-25JUL02-B70.5,2025-07-02T20:06:14.525496Z,0.8900,0.1100,3.00,no,ask,False
c5e3be44-7bb4-4dd4-8a9b-a7de63f1d45c,KXHIGHLAX-25JUL02-B70.5,2025-07-02T20:06:12.9511Z,0.8500,0.1500,2.00,yes,bid,False
914dd208-c61c-4955-b4c9-497d40cb7f8f,KXHIGHLAX-25JUL02-B70.5,2025-07-02T20:06:12.9511Z,0.8600,0.1400,16.00,yes,bid,False
498af18f-2557-451f-a677-30b2d6dc835d,KXHIGHLAX-25JUL02-B70.5,2025-07-02T20:06:12.9511Z,0.8600,0.1400,40.00,yes,bid,False
48505b39-b399-46e3-92a5-77bef80fd55c,KXHIGHLAX-25JUL02-B70.5,2025-07-02T20:06:12.9511Z,0.8500,0.1500,99.00,yes,bid,False
002d0c37-cbae-457f-af36-67098616bd54,KXHIGHLAX-25JUL02-B70.5,2025-07-02T20:06:12.9511Z,0.8900,0.1100,40.00,yes,bid,False
d1bb6ad3-42aa-49fb-9ce4-3b0e887573d8,KXHIGHLAX-25JUL02-B70.5,2025-07-02T20:02:07.030919Z,0.7200,0.2800,15.00,yes,bid,False
b58bb1c7-9703-40a3-9e94-c23425a38a4f,KXHIGHLAX-25JUL02-B70.5,2025-07-02T20:02:07.030919Z,0.7500,0.2500,1.00,yes,bid,False
74a159cd-ceee-4c06-8be2-a759b01e167f,KXHIGHLAX-25JUL02-B70.5,2025-07-02T20:02:07.030919Z,0.7300,0.2700,115.00,yes,bid,False
33b18ed7-e1e0-47c4-b4ea-b1696074bcb6,KXHIGHLAX-25JUL02-B70.5,2025-07-02T20:02:07.030919Z,0.7500,0.2500,50.00,yes,bid,False
176cbd19-aa88-4818-9df0-a250556dd6f2,KXHIGHLAX-25JUL02-B70.5,2025-07-02T20:02:07.030919Z,0.7700,0.2300,77.00,yes,bid,False
cd134ae9-3cda-460e-9f46-f8798249f57d,KXHIGHLAX-25JUL02-B70.5,2025-07-02T19:55:12.706802Z,0.7200,0.2800,6.00,yes,bid,False
0dbe8ea8-cae8-4a28-aebf-2d15d252ae20,KXHIGHLAX-25JUL02-B70.5,2025-07-02T19:52:57.552433Z,0.7300,0.2700,20.00,yes,bid,False
fb294f5e-9b39-4847-9e95-e7d64cd6d215,KXHIGHLAX-25JUL02-B70.5,2025-07-02T19:47:36.377209Z,0.7300,0.2700,21.00,yes,bid,False
d596ea34-df07-4968-af9c-99d29a56403a,KXHIGHLAX-25JUL02-B70.5,2025-07-02T19:47:11.474032Z,0.7200,0.2800,4.00,no,ask,False
6757cd6b-bfc7-4974-877c-b04b2acc1e23,KXHIGHLAX-25JUL02-B70.5,2025-07-02T19:47:09.574709Z,0.7200,0.2800,15.00,yes,bid,False
5fae1cab-6118-4d30-91cd-5020acbcabfb,KXHIGHLAX-25JUL02-B70.5,2025-07-02T19:41:29.366294Z,0.7300,0.2700,3.00,yes,bid,False
c0427e69-035b-442f-9a04-59663850ea22,KXHIGHLAX-25JUL02-B70.5,2025-07-02T19:40:45.466528Z,0.7300,0.2700,41.00,yes,bid,False
a3081c10-8c1d-41ac-860f-446c42f9ca8c,KXHIGHLAX-25JUL02-B70.5,2025-07-02T19:40:45.466528Z,0.7000,0.3000,7.00,yes,bid,False
6b3e90d5-784e-4d88-b2f3-5093a330c79f,KXHIGHLAX-25JUL02-B70.5,2025-07-02T19:40:45.466528Z,0.7200,0.2800,40.00,yes,bid,False
5469e3c9-48e0-47ca-bd9a-51c46d68c129,KXHIGHLAX-25JUL02-B70.5,2025-07-02T19:40:45.466528Z,0.7100,0.2900,13.00,yes,bid,False
f59ff5c6-d343-407f-b60f-0604178c9a23,KXHIGHLAX-25JUL02-B70.5,2025-07-02T19:36:17.822396Z,0.6200,0.3800,23.00,yes,bid,False
caf26996-50c2-4744-a027-afbb99aebd89,KXHIGHLAX-25JUL02-B70.5,2025-07-02T19:36:17.822396Z,0.7000,0.3000,32.00,yes,bid,False
a0b7b907-febe-4c6b-b90b-702695614869,KXHIGHLAX-25JUL02-B70.5,2025-07-02T19:36:17.822396Z,0.6900,0.3100,50.00,yes,bid,False
9f2f8f3f-7b81-4c53-8314-1dea7776306b,KXHIGHLAX-25JUL02-B70.5,2025-07-02T19:36:17.822396Z,0.6900,0.3100,10.00,yes,bid,False
d5b34cca-5c58-4c59-90fa-f426fcaf0e5c,KXHIGHLAX-25JUL02-B70.5,2025-07-02T19:34:14.506045Z,0.6200,0.3800,4.00,yes,bid,False
ac3e4c29-893f-414b-a473-74e6bda9ce3e,KXHIGHLAX-25JUL02-B70.5,2025-07-02T19:32:04.0202Z,0.6200,0.3800,4.00,yes,bid,False
f72b6924-7530-47b3-b75f-9993a2b8f5b1,KXHIGHLAX-25JUL02-B70.5,2025-07-02T19:26:32.710078Z,0.6200,0.3800,4.00,yes,bid,False
6334c564-cd73-4ebd-8ec2-d35ad91106cc,KXHIGHLAX-25JUL02-B70.5,2025-07-02T19:26:01.343754Z,0.6200,0.3800,4.00,yes,bid,False
45858631-a878-4d21-90ad-51863c372c29,KXHIGHLAX-25JUL02-B70.5,2025-07-02T19:25:54.052914Z,0.6200,0.3800,4.00,yes,bid,False
a9c6ac4e-a78e-4671-abdf-589f823125e4,KXHIGHLAX-25JUL02-B70.5,2025-07-02T19:25:06.584268Z,0.6200,0.3800,65.00,yes,bid,False
568d93ec-3abd-4b44-a394-73779943b9b5,KXHIGHLAX-25JUL02-B70.5,2025-07-02T19:16:29.082952Z,0.6200,0.3800,92.00,yes,bid,False
31bd2281-d293-4316-b3b9-2308510fd3d1,KXHIGHLAX-25JUL02-B70.5,2025-07-02T19:16:29.082952Z,0.6200,0.3800,65.00,yes,bid,False
f845e5b6-f064-4bb9-8dd5-2bc11afa0f45,KXHIGHLAX-25JUL02-B70.5,2025-07-02T19:10:07.172645Z,0.5900,0.4100,1.00,yes,bid,False
a3422d51-66fd-4b70-b1cf-6cb84a147aea,KXHIGHLAX-25JUL02-B70.5,2025-07-02T19:10:07.172645Z,0.6000,0.4000,11.00,yes,bid,False
6b4eca85-cc15-4c3a-9a9d-c3793e21e74f,KXHIGHLAX-25JUL02-B70.5,2025-07-02T19:10:07.172645Z,0.6000,0.4000,13.00,yes,bid,False
5cf668bd-dbe7-439b-823d-117fcae6a958,KXHIGHLAX-25JUL02-B70.5,2025-07-02T19:10:07.172645Z,0.6200,0.3800,7.00,yes,bid,False
a02752a3-2348-4bb9-8be9-315ee5e73cbb,KXHIGHLAX-25JUL02-B70.5,2025-07-02T19:09:11.268202Z,0.5800,0.4200,15.00,yes,bid,False
9d2acef4-9372-46e8-bee4-fef4d4c27cc6,KXHIGHLAX-25JUL02-B70.5,2025-07-02T19:09:11.268202Z,0.5900,0.4100,15.00,yes,bid,False
5863ae9d-2d61-4b2b-bb5f-d5228891d7d8,KXHIGHLAX-25JUL02-B70.5,2025-07-02T19:09:11.268202Z,0.6200,0.3800,10.00,yes,bid,False
c842b371-ea2b-478e-9828-495f4ce14997,KXHIGHLAX-25JUL02-B70.5,2025-07-02T19:06:18.124183Z,0.6000,0.4000,17.00,yes,bid,False
844b565c-8c77-4f54-abf8-1faa416f68f7,KXHIGHLAX-25JUL02-B70.5,2025-07-02T19:06:18.124183Z,0.5700,0.4300,87.00,yes,bid,False
5eaf9776-28a0-4af4-b41a-4e26ed6fece8,KXHIGHLAX-25JUL02-B70.5,2025-07-02T19:06:18.124183Z,0.6100,0.3900,14.00,yes,bid,False
4a8f8d38-841c-4807-865f-d0bc970dcec6,KXHIGHLAX-25JUL02-B70.5,2025-07-02T19:06:18.124183Z,0.6200,0.3800,12.00,yes,bid,False
1954cdcc-4792-4557-af6c-067ca06477c0,KXHIGHLAX-25JUL02-B70.5,2025-07-02T19:06:18.124183Z,0.6100,0.3900,17.00,yes,bid,False
0376bc72-3ace-431d-9434-fc7a6f1e1bf0,KXHIGHLAX-25JUL02-B70.5,2025-07-02T19:06:18.124183Z,0.5800,0.4200,15.00,yes,bid,False
3cab6d85-edec-443f-8b79-1ac79d342071,KXHIGHLAX-25JUL02-B70.5,2025-07-02T18:52:27.418505Z,0.5100,0.4900,15.00,no,ask,False
7b9d45eb-add4-4551-8e25-7dc74b3ed685,KXHIGHLAX-25JUL02-B70.5,2025-07-02T18:52:26.473375Z,0.5100,0.4900,14.00,no,ask,False
18fcaba1-c365-4fb1-bcee-0704e66257db,KXHIGHLAX-25JUL02-B70.5,2025-07-02T18:52:24.36533Z,0.5200,0.4800,7.00,no,ask,False
30ccd8ce-7f5a-4947-958d-3f44963efb10,KXHIGHLAX-25JUL02-B70.5,2025-07-02T18:52:23.467713Z,0.5200,0.4800,10.00,no,ask,False
c5bd1b4e-040e-49bb-b50b-1362d56a9abe,KXHIGHLAX-25JUL02-B70.5,2025-07-02T18:52:23.36557Z,0.5300,0.4700,34.00,no,ask,False
fcfd220a-ab7c-49a5-a075-ee69826ae8dd,KXHIGHLAX-25JUL02-B70.5,2025-07-02T18:47:19.295352Z,0.5800,0.4200,11.00,yes,bid,False
ad92cdaf-9ba7-4046-a6e2-ed5793296698,KXHIGHLAX-25JUL02-B70.5,2025-07-02T18:47:19.295352Z,0.5800,0.4200,16.00,yes,bid,False
3f200403-62ef-4aa2-a003-493c62bd67af,KXHIGHLAX-25JUL02-B70.5,2025-07-02T18:40:44.269806Z,0.5700,0.4300,8.00,yes,bid,False
7d6d29bb-88e2-4299-bc91-22122839e42f,KXHIGHLAX-25JUL02-B70.5,2025-07-02T18:37:50.864003Z,0.5300,0.4700,8.00,yes,bid,False
c9673a3f-e4df-4865-962e-8014f5a126c5,KXHIGHLAX-25JUL02-B70.5,2025-07-02T18:22:04.851777Z,0.6000,0.4000,5.00,yes,bid,False
4f4fc742-e80e-4dd1-a580-d808100487f1,KXHIGHLAX-25JUL02-B70.5,2025-07-02T18:22:04.851777Z,0.6000,0.4000,12.00,yes,bid,False
d812b5b8-48e4-488b-adff-85efedbf0802,KXHIGHLAX-25JUL02-B70.5,2025-07-02T18:09:32.86963Z,0.5800,0.4200,11.00,yes,bid,False
b3375d5b-fa03-4ed2-b738-d92e11e33929,KXHIGHLAX-25JUL02-B70.5,2025-07-02T18:09:32.86963Z,0.6200,0.3800,21.00,yes,bid,False
78f5d9bf-ae18-4819-9540-5472ccb5b75a,KXHIGHLAX-25JUL02-B70.5,2025-07-02T18:09:32.86963Z,0.6100,0.3900,26.00,yes,bid,False
4a1bbec7-3b04-4ba5-b78e-a93d895522b7,KXHIGHLAX-25JUL02-B70.5,2025-07-02T18:09:32.86963Z,0.5900,0.4100,83.00,yes,bid,False
28b1409a-035b-4496-8775-64f17c60bc11,KXHIGHLAX-25JUL02-B70.5,2025-07-02T18:09:32.86963Z,0.5800,0.4200,15.00,yes,bid,False
06e37e5a-3554-4ed0-924f-023b86805e21,KXHIGHLAX-25JUL02-B70.5,2025-07-02T18:09:32.86963Z,0.6200,0.3800,6.00,yes,bid,False
51e433ab-3d35-4e63-af22-554f95d7ee20,KXHIGHLAX-25JUL02-B70.5,2025-07-02T18:08:30.666923Z,0.5900,0.4100,1.00,yes,bid,False
4b7de66d-314f-4f96-b75f-ce1c07152a03,KXHIGHLAX-25JUL02-B70.5,2025-07-02T18:08:30.666923Z,0.5800,0.4200,13.00,yes,bid,False
44ac8a33-af93-413b-bf63-543d57c3e6d1,KXHIGHLAX-25JUL02-B70.5,2025-07-02T18:08:30.666923Z,0.5700,0.4300,19.00,yes,bid,False
b09d2455-c5f3-4519-8454-848782f5f80e,KXHIGHLAX-25JUL02-B70.5,2025-07-02T17:56:40.417293Z,0.5200,0.4800,22.00,no,ask,False
355b8029-6b5a-4d00-ac54-5040502df075,KXHIGHLAX-25JUL02-B70.5,2025-07-02T17:56:40.417293Z,0.5000,0.5000,11.00,no,ask,False
00430602-ac5f-4bc1-87df-a898a0f78fcb,KXHIGHLAX-25JUL02-B70.5,2025-07-02T17:56:40.417293Z,0.5200,0.4800,13.00,no,ask,False
ae910c4b-127f-41b2-97f0-2297298db28f,KXHIGHLAX-25JUL02-B70.5,2025-07-02T17:50:02.966347Z,0.5200,0.4800,4.00,yes,bid,False
5a035b50-ad56-42f5-bd36-49e46aae8151,KXHIGHLAX-25JUL02-B70.5,2025-07-02T17:15:01.224725Z,0.5800,0.4200,21.00,yes,bid,False
382db54f-f664-4325-ad44-f60b0b200215,KXHIGHLAX-25JUL02-B70.5,2025-07-02T17:15:01.224725Z,0.5900,0.4100,49.00,yes,bid,False
21b7741e-a5bf-47b5-b82f-b3d026de2885,KXHIGHLAX-25JUL02-B70.5,2025-07-02T17:15:01.224725Z,0.5700,0.4300,13.00,yes,bid,False
badac326-8a14-4084-823a-f2d07013175f,KXHIGHLAX-25JUL02-B70.5,2025-07-02T17:12:57.619653Z,0.5800,0.4200,62.00,yes,bid,False
3ca7efd0-dc1f-44d4-8ef3-0e00662d25b1,KXHIGHLAX-25JUL02-B70.5,2025-07-02T17:12:57.619653Z,0.5600,0.4400,23.00,yes,bid,False
08a286b7-5a3f-462f-ada9-c571dcefab21,KXHIGHLAX-25JUL02-B70.5,2025-07-02T17:12:57.619653Z,0.5600,0.4400,16.00,yes,bid,False
99548b0f-71cc-42bc-92d9-05b3427d7649,KXHIGHLAX-25JUL02-B70.5,2025-07-02T16:49:45.762218Z,0.5000,0.5000,65.00,no,ask,False
40eaf9d5-1f96-4a16-8629-ca22c2ab06ea,KXHIGHLAX-25JUL02-B70.5,2025-07-02T16:49:45.762218Z,0.5100,0.4900,85.00,no,ask,False
f3ad5623-6bf1-4c52-9f73-691b3a21fd59,KXHIGHLAX-25JUL02-B70.5,2025-07-02T16:47:05.41052Z,0.5600,0.4400,14.00,yes,bid,False
2c517ddd-e1cc-4055-b0e9-dc3f92f144d8,KXHIGHLAX-25JUL02-B70.5,2025-07-02T16:47:05.41052Z,0.5700,0.4300,19.00,yes,bid,False
99606f56-9888-468a-9a76-e006ef1d7d2c,KXHIGHLAX-25JUL02-B70.5,2025-07-02T16:46:37.708305Z,0.5700,0.4300,1.00,yes,bid,False
e58342b3-d050-495f-9323-694326437d70,KXHIGHLAX-25JUL02-B70.5,2025-07-02T16:43:20.381231Z,0.5000,0.5000,200.00,no,ask,False
da6fb3e7-478b-47b1-bc16-82e21b7545fa,KXHIGHLAX-25JUL02-B70.5,2025-07-02T16:20:36.284178Z,0.5300,0.4700,19.00,no,ask,False
abe58972-0e93-4167-a70f-147de2cb2485,KXHIGHLAX-25JUL02-B70.5,2025-07-02T16:20:36.284178Z,0.5000,0.5000,10.00,no,ask,False
6b43ec50-5992-47d9-ad20-86acf3d1bf54,KXHIGHLAX-25JUL02-B70.5,2025-07-02T16:20:36.284178Z,0.5200,0.4800,13.00,no,ask,False
453afd72-050e-44a3-9022-eac4e10e6ff3,KXHIGHLAX-25JUL02-B70.5,2025-07-02T16:08:42.53531Z,0.5800,0.4200,1.00,no,ask,False
1821899c-75f7-426a-bd79-df5ec5e47082,KXHIGHLAX-25JUL02-B70.5,2025-07-02T16:08:42.53531Z,0.5800,0.4200,3.00,no,ask,False
98e61553-41e9-4640-be30-dc402b241b00,KXHIGHLAX-25JUL02-B70.5,2025-07-02T16:08:36.743687Z,0.5800,0.4200,1.00,no,ask,False
dc7b3f93-24c7-44a4-b71c-bb1193ad070e,KXHIGHLAX-25JUL02-B70.5,2025-07-02T15:51:06.692422Z,0.6200,0.3800,39.00,yes,bid,False
e958a6e2-0d29-479f-ab8f-dd63527412d9,KXHIGHLAX-25JUL02-B70.5,2025-07-02T15:23:44.578981Z,0.5600,0.4400,2.00,no,ask,False
e7399f08-5158-4ea3-bd46-5becfff67fc8,KXHIGHLAX-25JUL02-B70.5,2025-07-02T15:23:44.578981Z,0.5600,0.4400,2.00,no,ask,False
98f76537-0ec0-4d0b-909b-cd685e6491b7,KXHIGHLAX-25JUL02-B70.5,2025-07-02T15:23:44.230475Z,0.5600,0.4400,4.00,no,ask,False
0e27f238-262d-4993-9c55-48cfd744843c,KXHIGHLAX-25JUL02-B70.5,2025-07-02T15:23:42.818816Z,0.5600,0.4400,4.00,no,ask,False
a4ad43ed-5633-4105-a600-8ff3eafc14e3,KXHIGHLAX-25JUL02-B70.5,2025-07-02T15:15:30.218476Z,0.5600,0.4400,56.00,no,ask,False
0bfa847c-838c-49bf-94bf-86e4765e44d5,KXHIGHLAX-25JUL02-B70.5,2025-07-02T15:14:46.361662Z,0.6000,0.4000,6.00,yes,bid,False
e32f6604-93f2-4838-9d5b-0062b8c64ffd,KXHIGHLAX-25JUL02-B70.5,2025-07-02T15:14:16.249559Z,0.5200,0.4800,5.00,no,ask,False
b7561f6f-fcb2-4835-8022-e8aeb3cf09be,KXHIGHLAX-25JUL02-B70.5,2025-07-02T15:14:16.249559Z,0.5200,0.4800,1.00,no,ask,False
2ea973ac-a708-48a7-8dcd-a53fe7ab85e1,KXHIGHLAX-25JUL02-B70.5,2025-07-02T14:44:27.536449Z,0.5900,0.4100,1.00,yes,bid,False
1b3a2eb5-4a90-49f8-9919-bd802b6536af,KXHIGHLAX-25JUL02-B70.5,2025-07-02T14:44:27.536449Z,0.5900,0.4100,15.00,yes,bid,False
403da77c-bd19-4fe0-85f3-98a437cf1679,KXHIGHLAX-25JUL02-B70.5,2025-07-02T14:31:20.767393Z,0.5600,0.4400,1.00,yes,bid,False
86d3d70e-2d97-4aef-8217-0df1834c0060,KXHIGHLAX-25JUL02-B70.5,2025-07-02T14:31:15.299715Z,0.5600,0.4400,34.00,yes,bid,False
64090e5a-2d18-4ae2-a399-066f50e08649,KXHIGHLAX-25JUL02-B70.5,2025-07-02T14:28:29.242692Z,0.5500,0.4500,8.00,no,ask,False
de9e33b0-14d6-4625-966f-31d29d71f98b,KXHIGHLAX-25JUL02-B70.5,2025-07-02T14:26:48.135703Z,0.5700,0.4300,1.00,yes,bid,False
cb527cb5-3c33-4675-bde7-578e6c6ccb42,KXHIGHLAX-25JUL02-B70.5,2025-07-02T14:17:30.880017Z,0.5300,0.4700,9.00,no,ask,False
77f65568-9a75-41dd-a64c-cbc3b292fa6b,KXHIGHLAX-25JUL02-B70.5,2025-07-02T14:00:55.966375Z,0.5600,0.4400,26.00,no,ask,False
10450d90-646e-4c4b-9f57-317bc5f17dd1,KXHIGHLAX-25JUL02-B70.5,2025-07-02T13:54:33.551377Z,0.5400,0.4600,10.00,no,ask,False
89690574-95a3-456f-8351-ad4f7b4a7d74,KXHIGHLAX-25JUL02-B70.5,2025-07-02T13:37:58.373234Z,0.5700,0.4300,25.00,yes,bid,False
256606d3-ef18-4885-9f9e-aaff4f60a482,KXHIGHLAX-25JUL02-B70.5,2025-07-02T13:34:03.580009Z,0.5700,0.4300,14.00,yes,bid,False
7b4060e9-b646-41df-b167-86266e61cd71,KXHIGHLAX-25JUL02-B70.5,2025-07-02T13:22:20.331801Z,0.5800,0.4200,4.00,yes,bid,False
6c4c5687-1496-48cb-b206-702293b2e1bc,KXHIGHLAX-25JUL02-B70.5,2025-07-02T13:14:33.540089Z,0.5600,0.4400,2.00,yes,bid,False
4bc59cbd-6777-418c-9526-2a4ba0838117,KXHIGHLAX-25JUL02-B70.5,2025-07-02T13:09:01.578609Z,0.5600,0.4400,11.00,no,ask,False
b8cddb9b-c3d1-44b3-ba77-ed1fd8a538f8,KXHIGHLAX-25JUL02-B70.5,2025-07-02T12:16:28.617255Z,0.5500,0.4500,60.00,yes,bid,False
c08f59e9-4acc-43ac-92d0-2665e74ff92f,KXHIGHLAX-25JUL02-B70.5,2025-07-02T12:05:22.665667Z,0.5300,0.4700,1.00,no,ask,False
2ec1f682-62b0-43de-9e5d-257ecb0510b8,KXHIGHLAX-25JUL02-B70.5,2025-07-02T06:56:54.803465Z,0.5300,0.4700,2.00,no,ask,False
ff6d72ed-49a6-40fd-9f5f-5d0dc869bb0a,KXHIGHLAX-25JUL02-B70.5,2025-07-02T06:48:41.607389Z,0.5600,0.4400,17.00,yes,bid,False
cb6ad4fc-5d35-48e0-9a42-491fc68e0679,KXHIGHLAX-25JUL02-B70.5,2025-07-02T06:10:11.051506Z,0.5600,0.4400,5.00,yes,bid,False
52f3469d-6d97-4753-acf8-607b055e7d6f,KXHIGHLAX-25JUL02-B70.5,2025-07-02T06:10:11.051506Z,0.5500,0.4500,26.00,yes,bid,False
3ae69616-1e19-4618-a9f8-da2a90980eb7,KXHIGHLAX-25JUL02-B70.5,2025-07-02T06:10:11.051506Z,0.5700,0.4300,12.00,yes,bid,False
b36c4b03-6f10-4242-8e70-63ebde526483,KXHIGHLAX-25JUL02-B70.5,2025-07-02T05:23:58.991164Z,0.5500,0.4500,1.00,yes,bid,False
e8f6e777-ab7e-43a2-9702-875cc0b88455,KXHIGHLAX-25JUL02-B70.5,2025-07-02T04:51:54.57083Z,0.5200,0.4800,5.00,no,ask,False
bf7d888a-644b-4ef8-9036-16e646bfffa1,KXHIGHLAX-25JUL02-B70.5,2025-07-02T04:50:39.201238Z,0.5200,0.4800,10.00,no,ask,False
a8849845-1215-40a4-b887-226d127f9ad5,KXHIGHLAX-25JUL02-B70.5,2025-07-02T04:49:14.946707Z,0.5200,0.4800,44.00,no,ask,False
91840a5d-0249-4faf-ba10-49d356b9eebc,KXHIGHLAX-25JUL02-B70.5,2025-07-02T04:41:17.113543Z,0.5500,0.4500,45.00,yes,bid,False
d6533c43-ab08-4057-a6c0-df46fcb52ebb,KXHIGHLAX-25JUL02-B70.5,2025-07-02T04:26:08.799905Z,0.5100,0.4900,64.00,yes,bid,False
bb4bba44-dbde-401c-9321-c0e67e875142,KXHIGHLAX-25JUL02-B70.5,2025-07-02T04:26:08.799905Z,0.5300,0.4700,200.00,yes,bid,False
b7ab8a87-f372-4437-a0db-51f144baccc1,KXHIGHLAX-25JUL02-B70.5,2025-07-02T04:26:08.799905Z,0.5400,0.4600,16.00,yes,bid,False
add6bc7d-fed0-4fb9-864a-f421088433ca,KXHIGHLAX-25JUL02-B70.5,2025-07-02T04:26:08.799905Z,0.5500,0.4500,200.00,yes,bid,False
ac18c3c5-e20f-4b78-b883-54f69a23bd34,KXHIGHLAX-25JUL02-B70.5,2025-07-02T04:26:08.799905Z,0.5500,0.4500,23.00,yes,bid,False
6777ba4c-26a5-4a6e-83f5-986f07f49750,KXHIGHLAX-25JUL02-B70.5,2025-07-02T04:26:08.799905Z,0.5700,0.4300,52.00,yes,bid,False
a3124476-9c20-4a24-9da4-1fc52fddff5a,KXHIGHLAX-25JUL02-B70.5,2025-07-02T04:08:46.986265Z,0.4700,0.5300,5.00,no,ask,False
e62eb0a9-95c6-4232-ab68-0bff92b10321,KXHIGHLAX-25JUL02-B70.5,2025-07-02T04:08:26.32712Z,0.4900,0.5100,10.00,no,ask,False
857b2496-0d27-4cfd-985e-28770e3a97c6,KXHIGHLAX-25JUL02-B70.5,2025-07-02T04:08:26.32712Z,0.4800,0.5200,21.00,no,ask,False
4cc95bfc-bb34-4f1d-9717-ccfc699f4804,KXHIGHLAX-25JUL02-B70.5,2025-07-02T02:48:32.735261Z,0.5300,0.4700,45.00,yes,bid,False
600ba3b4-e389-44ec-92d4-bf8bba864993,KXHIGHLAX-25JUL02-B70.5,2025-07-02T02:38:49.780692Z,0.4900,0.5100,3.00,no,ask,False
9e2e99c8-2d06-461e-963d-66aed659396d,KXHIGHLAX-25JUL02-B70.5,2025-07-02T02:33:17.140444Z,0.5300,0.4700,36.00,yes,bid,False
4e2456a3-9839-495d-8f7c-0d2fca7a3701,KXHIGHLAX-25JUL02-B70.5,2025-07-02T02:18:37.638902Z,0.5300,0.4700,7.00,yes,bid,False
42ba74a4-c4f1-4f1e-be45-46a59407fb84,KXHIGHLAX-25JUL02-B70.5,2025-07-02T02:12:54.885245Z,0.4900,0.5100,7.00,no,ask,False
eb890054-89ef-488e-b36f-88587577361a,KXHIGHLAX-25JUL02-B70.5,2025-07-02T01:54:05.102742Z,0.5300,0.4700,29.00,yes,bid,False
83f58874-fc76-4584-99a3-6696eaa85a6b,KXHIGHLAX-25JUL02-B70.5,2025-07-02T01:01:19.999321Z,0.5300,0.4700,18.00,yes,bid,False
36536924-95e0-4f79-a478-5a5786490b37,KXHIGHLAX-25JUL02-B72.5,2025-07-02T21:43:55.071859Z,0.0100,0.9900,467.00,yes,bid,False
774ba771-5979-41a8-91c4-7b3dfc951249,KXHIGHLAX-25JUL02-B72.5,2025-07-02T21:42:44.408457Z,0.0100,0.9900,61.00,yes,bid,False
d5c57f6e-9381-413e-afbf-ec123760360a,KXHIGHLAX-25JUL02-B72.5,2025-07-02T21:20:38.647235Z,0.0100,0.9900,1.00,yes,bid,False
25cbc60c-1654-4ee6-b400-0701c92704f4,KXHIGHLAX-25JUL02-B72.5,2025-07-02T21:20:38.647235Z,0.0100,0.9900,39.00,yes,bid,False
a8ac54e6-8b12-431c-bdf9-b0f4156f874d,KXHIGHLAX-25JUL02-B72.5,2025-07-02T20:58:20.419986Z,0.0100,0.9900,30.00,no,ask,False
a1e0dfca-a607-4cfc-a467-ef917688cb46,KXHIGHLAX-25JUL02-B72.5,2025-07-02T20:53:45.471455Z,0.0500,0.9500,18.00,yes,bid,False
ed569692-962f-4c82-bc33-0fbcd6d7f7b0,KXHIGHLAX-25JUL02-B72.5,2025-07-02T20:40:50.828457Z,0.0100,0.9900,10.00,no,ask,False
771a3539-38cb-49c8-91b6-cb8e4e0dbe00,KXHIGHLAX-25JUL02-B72.5,2025-07-02T20:18:17.75283Z,0.0100,0.9900,28.00,no,ask,False
65757d90-4bcc-46b4-b761-28cf87807e61,KXHIGHLAX-25JUL02-B72.5,2025-07-02T20:15:26.939749Z,0.0100,0.9900,23.00,no,ask,False
531f912d-f70a-4a5f-ad7d-eddee09fc828,KXHIGHLAX-25JUL02-B72.5,2025-07-02T20:15:26.939749Z,0.0100,0.9900,127.00,no,ask,False
730f5d80-5765-4ed5-a3be-62a02831723a,KXHIGHLAX-25JUL02-B72.5,2025-07-02T19:10:07.245331Z,0.0100,0.9900,1.00,no,ask,False
910c1c4f-bb7d-45c0-99d2-f649375c8298,KXHIGHLAX-25JUL02-B72.5,2025-07-02T19:06:18.20904Z,0.0100,0.9900,87.00,no,ask,False
a2d538c7-a6bb-4c0a-a046-30414ec950c6,KXHIGHLAX-25JUL02-B72.5,2025-07-02T18:52:27.416038Z,0.0100,0.9900,15.00,no,ask,False
070b9f51-1da1-49eb-b1c2-a79c72246132,KXHIGHLAX-25JUL02-B72.5,2025-07-02T18:52:26.471537Z,0.0100,0.9900,14.00,no,ask,False
a326b95c-df0f-4068-9b08-b5340512b877,KXHIGHLAX-25JUL02-B72.5,2025-07-02T18:52:24.367445Z,0.0100,0.9900,7.00,no,ask,False
9a29462f-fed0-4f4b-9dd8-7ff8cd1258d0,KXHIGHLAX-25JUL02-B72.5,2025-07-02T18:52:23.367636Z,0.0100,0.9900,34.00,no,ask,False
7daba153-efab-4136-bc22-afcd20e9d3aa,KXHIGHLAX-25JUL02-B72.5,2025-07-02T18:52:23.364896Z,0.0100,0.9900,10.00,no,ask,False
e67cf2d3-b7e5-4f5b-8fa8-7d38f2efadb7,KXHIGHLAX-25JUL02-B72.5,2025-07-02T18:37:50.95033Z,0.0100,0.9900,8.00,no,ask,False
740d3c2a-0a73-4edc-becc-914b4f55e63a,KXHIGHLAX-25JUL02-B72.5,2025-07-02T18:20:54.779777Z,0.0100,0.9900,33.00,no,ask,False
41212398-2410-4765-8b46-9fe5ed62343e,KXHIGHLAX-25JUL02-B72.5,2025-07-02T18:17:43.868059Z,0.0100,0.9900,102.00,no,ask,False
14b72308-c8f9-4f05-a943-5f1811ea44a1,KXHIGHLAX-25JUL02-B72.5,2025-07-02T17:53:23.60648Z,0.0300,0.9700,166.00,no,ask,False
695c84c7-45f4-4b9a-8c5d-e5be40b4056f,KXHIGHLAX-25JUL02-B72.5,2025-07-02T17:14:40.521188Z,0.0700,0.9300,67.00,yes,bid,False
7fafd2f1-b6df-4c45-a7c4-db29085bf748,KXHIGHLAX-25JUL02-B72.5,2025-07-02T16:59:56.417872Z,0.0400,0.9600,28.00,no,ask,False
9dd74c4e-d6a8-4cd5-9a66-621e86663164,KXHIGHLAX-25JUL02-B72.5,2025-07-02T16:46:37.818242Z,0.0500,0.9500,1.00,no,ask,False
c9a6fbe0-1830-4dcd-8992-e38e39239836,KXHIGHLAX-25JUL02-B72.5,2025-07-02T16:28:29.175764Z,0.0800,0.9200,89.00,yes,bid,False
70c2663e-4694-4684-8e8a-9b86d6c972d0,KXHIGHLAX-25JUL02-B72.5,2025-07-02T16:28:29.175764Z,0.0700,0.9300,11.00,yes,bid,False
a58167c8-7c24-425c-8186-1bad3903a462,KXHIGHLAX-25JUL02-B72.5,2025-07-02T16:09:24.603662Z,0.0700,0.9300,4.00,yes,bid,False
921750a8-2b38-4496-8442-c5e3fcacfe27,KXHIGHLAX-25JUL02-B72.5,2025-07-02T15:55:06.571757Z,0.0500,0.9500,28.00,no,ask,False
f781bb8b-abb8-41af-bbd8-6eb190c79579,KXHIGHLAX-25JUL02-B72.5,2025-07-02T15:54:13.615984Z,0.1500,0.8500,4.00,yes,bid,False
b986d466-e590-4ce1-8fd7-a5cb526c9e44,KXHIGHLAX-25JUL02-B72.5,2025-07-02T15:54:13.615984Z,0.1400,0.8600,20.00,yes,bid,False
b6338e68-81ff-4092-bfc0-602a0e3878b4,KXHIGHLAX-25JUL02-B72.5,2025-07-02T15:54:13.615984Z,0.1400,0.8600,10.00,yes,bid,False
1a2ba0c7-a01d-4f00-967b-65e442fdc7c2,KXHIGHLAX-25JUL02-B72.5,2025-07-02T15:54:13.615984Z,0.1300,0.8700,13.00,yes,bid,False
18733daa-8535-4b18-becf-35ef8dfed615,KXHIGHLAX-25JUL02-B72.5,2025-07-02T15:43:19.986296Z,0.1300,0.8700,7.00,yes,bid,False
3faea3dc-e17f-4403-9474-da05745ab506,KXHIGHLAX-25JUL02-B72.5,2025-07-02T14:48:50.574809Z,0.0900,0.9100,10.00,no,ask,False
210e6fb1-6a23-48fb-b898-3934b32a21b2,KXHIGHLAX-25JUL02-B72.5,2025-07-02T14:37:18.44415Z,0.0900,0.9100,37.00,yes,bid,False
b37af731-0a13-4e81-8780-7e9b802bc4a7,KXHIGHLAX-25JUL02-B72.5,2025-07-02T14:15:50.925575Z,0.1300,0.8700,3.00,yes,bid,False
91307820-eb57-4a26-8f6b-30f337448a26,KXHIGHLAX-25JUL02-B72.5,2025-07-02T14:15:50.925575Z,0.1300,0.8700,4.00,yes,bid,False
1b6cbb93-3781-4eb7-8017-9017e13cc90a,KXHIGHLAX-25JUL02-B72.5,2025-07-02T14:15:50.925575Z,0.1300,0.8700,14.00,yes,bid,False
133d7eaa-baa1-4a5c-9864-7e8063c6a5fc,KXHIGHLAX-25JUL02-B72.5,2025-07-02T14:10:24.986173Z,0.0900,0.9100,4.00,no,ask,False
accd082a-8685-4bd6-bf08-82077ba34791,KXHIGHLAX-25JUL02-B72.5,2025-07-02T13:09:27.484146Z,0.1000,0.9000,13.00,yes,bid,False
265df141-71c2-4c20-baef-525eaa03433c,KXHIGHLAX-25JUL02-B72.5,2025-07-02T13:09:27.484146Z,0.1000,0.9000,15.00,yes,bid,False
d9a58f64-9c19-403d-b209-99f679292292,KXHIGHLAX-25JUL02-B72.5,2025-07-02T12:53:30.493253Z,0.1100,0.8900,54.00,no,ask,False
93b2c99b-45ee-4729-b0b6-9fbe98ff08a5,KXHIGHLAX-25JUL02-B72.5,2025-07-02T12:53:30.493253Z,0.1000,0.9000,39.00,no,ask,False
77394aaa-609b-411b-b2c1-74b10e5a93ef,KXHIGHLAX-25JUL02-B72.5,2025-07-02T12:53:30.493253Z,0.1100,0.8900,6.00,no,ask,False
d2107794-3929-4f80-b685-2b234e01fd31,KXHIGHLAX-25JUL02-B72.5,2025-07-02T12:48:10.357968Z,0.1200,0.8800,28.00,no,ask,False
a4d499e7-c0ae-4d6e-b0fc-98db3d246ab9,KXHIGHLAX-25JUL02-B72.5,2025-07-02T12:48:10.357968Z,0.1100,0.8900,66.00,no,ask,False
1c9b40b1-5be7-4ee3-8f02-fb1ab0f225eb,KXHIGHLAX-25JUL02-B72.5,2025-07-02T12:48:10.357968Z,0.1200,0.8800,17.00,no,ask,False
6aa26583-ec64-48f0-9ef1-d7cc4d0c767f,KXHIGHLAX-25JUL02-B72.5,2025-07-02T12:31:07.909186Z,0.1200,0.8800,36.00,no,ask,False
54aa992b-fb54-4cbd-8cf9-cdc4a4c99c73,KXHIGHLAX-25JUL02-B72.5,2025-07-02T12:31:07.909186Z,0.1200,0.8800,20.00,no,ask,False
75342540-87fc-4494-bef8-0bcc4dd5c010,KXHIGHLAX-25JUL02-B72.5,2025-07-02T12:01:27.834217Z,0.1200,0.8800,65.00,no,ask,False
d58704ef-17e8-4893-8dd4-d1006d98891b,KXHIGHLAX-25JUL02-B72.5,2025-07-02T12:01:24.639995Z,0.1200,0.8800,200.00,no,ask,False
ee513417-4e16-41d4-94a0-9310579279c2,KXHIGHLAX-25JUL02-B72.5,2025-07-02T12:01:21.539233Z,0.1200,0.8800,15.00,no,ask,False
784adcd1-cc0e-48de-9ff4-faad30776aaf,KXHIGHLAX-25JUL02-B72.5,2025-07-02T12:01:08.568803Z,0.1200,0.8800,98.00,no,ask,False
49b2a4c1-8ed2-4347-960d-f4dcacb2db70,KXHIGHLAX-25JUL02-B72.5,2025-07-02T12:01:03.397635Z,0.1300,0.8700,1.00,no,ask,False
41096970-a097-4b90-8851-aa8b774366d3,KXHIGHLAX-25JUL02-B72.5,2025-07-02T12:01:03.397635Z,0.1200,0.8800,98.00,no,ask,False
921076ea-d352-4447-b55a-1b960803cdf1,KXHIGHLAX-25JUL02-B72.5,2025-07-02T12:01:00.098515Z,0.1300,0.8700,67.00,no,ask,False
359f5653-f80c-484c-90b7-374373117833,KXHIGHLAX-25JUL02-B72.5,2025-07-02T06:57:29.610771Z,0.1300,0.8700,32.00,no,ask,False
810a5df9-ae31-4e16-a9c6-bea990f6ce9f,KXHIGHLAX-25JUL02-B72.5,2025-07-02T06:54:29.677791Z,0.1300,0.8700,6.00,no,ask,False
21be2a45-2db7-4a01-b0be-9b34fb2f24c6,KXHIGHLAX-25JUL02-B72.5,2025-07-02T06:09:45.956443Z,0.1300,0.8700,36.00,yes,bid,False
e760605d-3d11-48b6-8bed-737cf78ef93e,KXHIGHLAX-25JUL02-B72.5,2025-07-02T05:38:02.738109Z,0.1200,0.8800,40.00,no,ask,False
dc2d47f3-21dc-4e99-a580-459421f7df58,KXHIGHLAX-25JUL02-B72.5,2025-07-02T05:38:02.738109Z,0.1200,0.8800,72.00,no,ask,False
bd0fc3c2-77c3-40fc-ade0-59aad8c9668e,KXHIGHLAX-25JUL02-B72.5,2025-07-02T05:31:53.181366Z,0.1300,0.8700,2.00,yes,bid,False
6cd1813b-2e4c-4803-9d68-9fa980bb74cf,KXHIGHLAX-25JUL02-B72.5,2025-07-02T05:31:53.181366Z,0.1300,0.8700,35.00,yes,bid,False
5a3ab7ff-4547-4fd2-a21c-e315ccac08be,KXHIGHLAX-25JUL02-B72.5,2025-07-02T05:31:53.181366Z,0.1400,0.8600,66.00,yes,bid,False
b88b1277-8eb2-4e63-b2ec-d918f9defde6,KXHIGHLAX-25JUL02-B72.5,2025-07-02T05:27:28.900681Z,0.1300,0.8700,1.00,yes,bid,False
5d2e4edb-7a48-4c9e-a2f7-ee40a6fb35e0,KXHIGHLAX-25JUL02-B72.5,2025-07-02T04:30:46.606894Z,0.1400,0.8600,19.00,yes,bid,False
faa78e09-c018-48bb-a3d3-d689c685683d,KXHIGHLAX-25JUL02-B72.5,2025-07-02T03:22:03.43286Z,0.1200,0.8800,61.00,no,ask,False
bd41e8ec-259e-436e-8f72-cd6ed2aa8726,KXHIGHLAX-25JUL02-B72.5,2025-07-02T02:39:42.558766Z,0.1600,0.8400,5.00,yes,bid,False
3ebf935a-f9c0-4507-b898-f2d07a14ac4c,KXHIGHLAX-25JUL02-B72.5,2025-07-02T02:39:16.821461Z,0.1600,0.8400,5.00,no,ask,False
6a849f96-df0a-4a51-8255-6c71822829a0,KXHIGHLAX-25JUL02-B72.5,2025-07-02T02:25:03.415373Z,0.1500,0.8500,15.00,no,ask,False
4d2c5f81-3fc0-4d6e-8a25-01a3f5ea0a1c,KXHIGHLAX-25JUL02-B72.5,2025-07-02T02:25:03.415373Z,0.1600,0.8400,43.00,no,ask,False
b1f0314f-f6f7-45cb-9ec7-3903b8f83fe9,KXHIGHLAX-25JUL02-B72.5,2025-07-02T02:24:30.329137Z,0.1900,0.8100,10.00,yes,bid,False
eac36b5c-de66-4ede-aa1e-b60140feebd9,KXHIGHLAX-25JUL02-B72.5,2025-07-02T00:35:24.866353Z,0.1700,0.8300,43.00,no,ask,False
235421b7-d30a-43e0-9b4d-6b971512924f,KXHIGHLAX-25JUL02-B72.5,2025-07-02T00:35:24.866353Z,0.1700,0.8300,25.00,no,ask,False
d76f9969-2997-4ffc-addc-a79b8d8bb9ed,KXHIGHLAX-25JUL02-B72.5,2025-07-02T00:31:52.927784Z,0.1600,0.8400,55.00,no,ask,False
1e108834-46ab-4c89-b221-48bd436ddce3,KXHIGHLAX-25JUL02-B72.5,2025-07-02T00:31:52.927784Z,0.1900,0.8100,32.00,no,ask,False
0f358376-af9b-4d0b-b316-5114d2ffb5d8,KXHIGHLAX-25JUL02-B72.5,2025-07-02T00:31:52.927784Z,0.1800,0.8200,48.00,no,ask,False
0311f9db-67a6-48a9-be06-284129b7b156,KXHIGHLAX-25JUL02-B72.5,2025-07-02T00:31:52.927784Z,0.1800,0.8200,20.00,no,ask,False
ae616b3e-7c05-44aa-aa26-1d81c598c3c2,KXHIGHLAX-25JUL02-B72.5,2025-07-02T00:25:23.651771Z,0.2300,0.7700,20.00,yes,bid,False
c5b3c45c-9d6c-4187-8ffd-d7c1077da97f,KXHIGHLAX-25JUL02-B72.5,2025-07-02T00:16:36.252582Z,0.2200,0.7800,32.00,yes,bid,False
56a92cf9-6e82-4468-8246-b59e4cf6a89b,KXHIGHLAX-25JUL02-B72.5,2025-07-02T00:16:36.252582Z,0.2300,0.7700,113.00,yes,bid,False
63054102-cf57-4b07-bae0-52830910e50f,KXHIGHLAX-25JUL02-B74.5,2025-07-02T21:20:40.073106Z,0.0100,0.9900,40.00,yes,bid,False
1e11a745-a64b-4bac-a7f9-9d9817624c13,KXHIGHLAX-25JUL02-B74.5,2025-07-02T16:46:37.817299Z,0.0100,0.9900,1.00,no,ask,False
51eb60d8-b502-453f-9218-9512a5257e3c,KXHIGHLAX-25JUL02-B74.5,2025-07-02T15:43:37.415834Z,0.0500,0.9500,18.00,yes,bid,False
b813f5b5-1a7b-452f-91ee-df3f73348fb4,KXHIGHLAX-25JUL02-B74.5,2025-07-02T15:19:12.086187Z,0.0100,0.9900,40.00,no,ask,False
6214207b-6c62-4daa-bdba-da5669de822f,KXHIGHLAX-25JUL02-B74.5,2025-07-02T15:19:12.086187Z,0.0100,0.9900,15.00,no,ask,False
4125d959-d3d5-449a-8955-1d7533f77979,KXHIGHLAX-25JUL02-B74.5,2025-07-02T15:15:21.339579Z,0.0200,0.9800,12.00,no,ask,False
38243883-855c-4980-92cc-6454226372d2,KXHIGHLAX-25JUL02-B74.5,2025-07-02T13:19:48.270829Z,0.0400,0.9600,55.00,no,ask,False
b0288adf-8908-4e4a-9092-d9f373c78fd1,KXHIGHLAX-25JUL02-B74.5,2025-07-02T12:48:54.258003Z,0.0400,0.9600,1.00,no,ask,False
d9875056-7869-4642-952e-053157638182,KXHIGHLAX-25JUL02-B74.5,2025-07-02T06:09:13.855883Z,0.0600,0.9400,131.00,yes,bid,False
4752a9d7-ebb4-4673-816a-432b061019ac,KXHIGHLAX-25JUL02-B74.5,2025-07-02T06:09:13.855883Z,0.0400,0.9600,13.00,yes,bid,False
03a98220-f953-4b0a-8179-a1fc5e622767,KXHIGHLAX-25JUL02-B74.5,2025-07-02T06:09:13.855883Z,0.0400,0.9600,1.00,yes,bid,False
fc35ffaa-e68c-4a53-9ed2-1ac0d8c43631,KXHIGHLAX-25JUL02-B74.5,2025-07-02T05:26:39.66764Z,0.0400,0.9600,1.00,yes,bid,False
d0b3498f-7236-434a-940b-d21b12dbc68f,KXHIGHLAX-25JUL02-B74.5,2025-07-02T05:26:39.66764Z,0.0600,0.9400,123.00,yes,bid,False
8dfd5602-de5c-438c-8981-0ec58e3cd652,KXHIGHLAX-25JUL02-B74.5,2025-07-02T05:26:39.66764Z,0.0400,0.9600,17.00,yes,bid,False
7f4c6ce5-4772-4055-a157-bc1448a6cd21,KXHIGHLAX-25JUL02-B74.5,2025-07-02T05:26:39.66764Z,0.0400,0.9600,17.00,yes,bid,False
0ed79b9f-5318-4f93-8666-befc201acc56,KXHIGHLAX-25JUL02-B74.5,2025-07-02T05:26:39.66764Z,0.0300,0.9700,19.00,yes,bid,False
5ea74990-e605-4d0d-bb89-201f1cdb2268,KXHIGHLAX-25JUL02-B74.5,2025-07-02T05:11:44.627174Z,0.0300,0.9700,191.00,yes,bid,False
